Race,File,PartName,Slot,SubType,Variant,Tier,Hand,PrimaryBone,WidthCm,HeightCm,DepthCm,CenterY,Vertices,PolyIndices
Barbarian,Barbarians/models/BRB_Cavalry_customizable.FBX,BRB_Horse,Creature,horse,,,,Bip001 Head,26.38,85.61,67.16,-7.64,174,794
Barbarian,Barbarians/models/BRB_Cavalry_customizable.FBX,BRB_weapon_staff_A,Staff,staff,A,light/cloth tier,right,,68.55,7.20,8.73,0.60,21,84
Barbarian,Barbarians/models/BRB_Cavalry_customizable.FBX,BRB_weapon_Bow,Bow,bow,,,left,,53.74,3.05,12.00,-0.39,23,114
Barbarian,Barbarians/models/BRB_Cavalry_customizable.FBX,BRB_weapon_staff_C,Staff,staff,C,medium/leather tier,right,,71.28,11.53,17.14,-0.41,134,364
Barbarian,Barbarians/models/BRB_Cavalry_customizable.FBX,BRB_weapon_staff_B,Staff,staff,B,light/cloth tier,right,,72.32,7.90,14.78,0.36,29,126
Barbarian,Barbarians/models/BRB_Cavalry_customizable.FBX,BRB_Shield_A,Shield,shield,A,light/cloth tier,left,,5.46,21.02,21.43,-1.32,17,86
Barbarian,Barbarians/models/BRB_Cavalry_customizable.FBX,BRB_Shield_C,Shield,shield,C,medium/leather tier,left,,4.80,35.18,19.68,-0.43,25,102
Barbarian,Barbarians/models/BRB_Cavalry_customizable.FBX,BRB_Shield_D,Shield,shield,D,medium/leather tier,left,,5.29,28.36,26.97,-1.39,27,110
Barbarian,Barbarians/models/BRB_Cavalry_customizable.FBX,BRB_Shield_B,Shield,shield,B,light/cloth tier,left,,5.41,28.36,26.97,-1.21,27,110
Barbarian,Barbarians/models/BRB_Cavalry_customizable.FBX,BRB_weapon_sword_A,Sword,sword,A,light/cloth tier,right,,45.24,3.75,9.64,-0.03,17,70
Barbarian,Barbarians/models/BRB_Cavalry_customizable.FBX,BRB_weapon_spear,Spear,spear,,,right,,76.86,2.80,6.64,-0.10,21,86
Barbarian,Barbarians/models/BRB_Cavalry_customizable.FBX,BRB_weapon_axe_A,Axe,axe,A,light/cloth tier,right,,33.42,2.94,12.70,0.17,24,88
Barbarian,Barbarians/models/BRB_Cavalry_customizable.FBX,BRB_weapon_sword_B,Sword,sword,B,light/cloth tier,right,,45.60,3.68,10.58,0.16,26,114
Barbarian,Barbarians/models/BRB_Cavalry_customizable.FBX,BRB_weapon_hammer_A,Hammer,hammer,A,light/cloth tier,right,,28.63,4.76,12.59,0.21,18,56
Barbarian,Barbarians/models/BRB_Cavalry_customizable.FBX,BRB_weapon_Dagger,Dagger,dagger,,,right,,32.64,3.13,5.96,-0.15,15,52
Barbarian,Barbarians/models/BRB_Cavalry_customizable.FBX,BRB_weapon_axe_B,Axe,axe,B,light/cloth tier,right,,42.55,3.53,19.53,-0.05,40,134
Barbarian,Barbarians/models/BRB_Cavalry_customizable.FBX,BRB_weapon_hammer_B,Hammer,hammer,B,light/cloth tier,right,,38.39,6.76,13.83,-0.19,23,84
Barbarian,Barbarians/models/BRB_Cavalry_customizable.FBX,BRB_weapon_axe_C,Axe,axe,C,medium/leather tier,right,,36.00,4.43,19.58,0.05,47,168
Barbarian,Barbarians/models/BRB_Cavalry_customizable.FBX,BRB_Xtra_quiver,Quiver,quiver,,,,,11.01,7.47,36.60,-1.67,56,129
Barbarian,Barbarians/models/BRB_Cavalry_customizable.FBX,BRB_horse_Seat,Saddle,,,,,Bip001 Spine,24.15,15.36,20.55,1.42,19,90
Barbarian,Barbarians/models/BRB_Cavalry_customizable.FBX,BRB_body_F,Body,,F,heavy/plate tier,,Bip001 Spine001,39.96,19.36,53.71,0.54,119,506
Barbarian,Barbarians/models/BRB_Cavalry_customizable.FBX,BRB_head_I,Head,,I,heavy/plate tier,,Bip001 Head001,10.09,18.11,17.93,2.42,101,316
Barbarian,Barbarians/models/BRB_Cavalry_customizable.FBX,BRB_head_J,Head,,J,heavy/plate tier,,Bip001 Head001,10.03,13.52,18.39,0.52,48,212
Barbarian,Barbarians/models/BRB_Cavalry_customizable.FBX,BRB_head_C,Head,,C,medium/leather tier,,Bip001 Head001,10.24,14.14,14.71,1.63,55,255
Barbarian,Barbarians/models/BRB_Cavalry_customizable.FBX,BRB_body_A,Body,,A,light/cloth tier,,Bip001 Spine001,43.15,14.95,42.33,1.28,92,356
Barbarian,Barbarians/models/BRB_Cavalry_customizable.FBX,BRB_body_B,Body,,B,light/cloth tier,,Bip001 Spine001,43.15,14.99,42.33,1.75,92,364
Barbarian,Barbarians/models/BRB_Cavalry_customizable.FBX,BRB_body_E,Body,,E,medium/leather tier,,Bip001 Spine001,43.15,15.75,42.33,1.43,92,360
Barbarian,Barbarians/models/BRB_Cavalry_customizable.FBX,BRB_head_B,Head,,B,light/cloth tier,,Bip001 Head001,7.32,17.66,16.04,3.63,57,258
Barbarian,Barbarians/models/BRB_Cavalry_customizable.FBX,BRB_body_D,Body,,D,medium/leather tier,,Bip001 Spine001,43.15,14.16,42.33,2.16,92,364
Barbarian,Barbarians/models/BRB_Cavalry_customizable.FBX,BRB_head_A,Head,,A,light/cloth tier,,Bip001 Head001,7.32,11.31,12.25,0.43,34,164
Barbarian,Barbarians/models/BRB_Cavalry_customizable.FBX,BRB_shoulderpads_B,Shoulders,,B,light/cloth tier,,Bip001 R Clavicle001,29.47,18.18,11.02,-0.74,34,148
Barbarian,Barbarians/models/BRB_Cavalry_customizable.FBX,BRB_body_G,Body,,G,heavy/plate tier,,Bip001 Spine001,43.15,15.97,42.33,1.74,122,502
Barbarian,Barbarians/models/BRB_Cavalry_customizable.FBX,BRB_head_D,Head,,D,medium/leather tier,,Bip001 Head001,8.09,12.54,14.09,-2.75,71,282
Barbarian,Barbarians/models/BRB_Cavalry_customizable.FBX,BRB_head_F,Head,,F,heavy/plate tier,,Bip001 Head001,12.86,13.27,15.57,-2.36,97,408
Barbarian,Barbarians/models/BRB_Cavalry_customizable.FBX,BRB_head_H,Head,,H,heavy/plate tier,,Bip001 Head001,16.76,17.73,19.21,0.55,120,350
Barbarian,Barbarians/models/BRB_Cavalry_customizable.FBX,BRB_shoulderpads_C,Shoulders,,C,medium/leather tier,,Bip001 R Clavicle001,31.33,18.85,16.95,-0.48,127,672
Barbarian,Barbarians/models/BRB_Cavalry_customizable.FBX,BRB_shoulderpads_A,Shoulders,,A,light/cloth tier,,Bip001 L Clavicle001,15.99,18.58,14.84,-0.18,31,133
Barbarian,Barbarians/models/BRB_Cavalry_customizable.FBX,BRB_head_E,Head,,E,medium/leather tier,,Bip001 Head001,16.60,13.27,14.73,-2.36,68,286
Barbarian,Barbarians/models/BRB_Cavalry_customizable.FBX,BRB_head_G,Head,,G,heavy/plate tier,,Bip001 Head001,19.24,14.38,15.85,-2.77,54,220
Barbarian,Barbarians/models/BRB_Cavalry_customizable.FBX,BRB_body_C,Body,,C,medium/leather tier,,Bip001 Spine001,43.15,14.43,42.33,2.03,92,364
Barbarian,Barbarians/models/BRB_Cavalry_customizable.FBX,BRB_body_H,Body,,H,heavy/plate tier,,Bip001 Spine001,43.15,15.97,42.33,1.74,122,502
Barbarian,Barbarians/models/BRB_Cavalry_customizable.FBX,BRB_arms_A,Arms,,A,light/cloth tier,,Bip001 R Hand001,60.30,8.25,15.63,1.96,26,112
Barbarian,Barbarians/models/BRB_Cavalry_customizable.FBX,BRB_legs_A,Legs,,A,light/cloth tier,,Bip001 R Foot001,19.60,15.66,13.62,-1.04,36,156
Barbarian,Barbarians/models/BRB_Cavalry_customizable.FBX,BRB_arms_B,Arms,,B,light/cloth tier,,Bip001 R Hand001,60.30,8.25,15.63,1.96,26,112
Barbarian,Barbarians/models/BRB_Cavalry_customizable.FBX,BRB_legs_B,Legs,,B,light/cloth tier,,Bip001 R Foot001,19.60,15.66,13.62,-1.04,36,156
Barbarian,Barbarians/models/BRB_Cavalry_customizable.FBX,BRB_arms_C,Arms,,C,medium/leather tier,,Bip001 R Forearm001,60.30,9.52,18.44,2.28,50,224
Barbarian,Barbarians/models/BRB_Cavalry_customizable.FBX,BRB_legs_C,Legs,,C,medium/leather tier,,Bip001 R Foot001,19.60,15.66,14.50,-1.04,36,156
Barbarian,Barbarians/models/BRB_Characters_customizable.FBX,BRB_weapon_staff_A,Staff,staff,A,light/cloth tier,right,,68.55,7.20,8.73,0.60,21,84
Barbarian,Barbarians/models/BRB_Characters_customizable.FBX,BRB_weapon_Bow,Bow,bow,,,left,,53.74,3.05,12.00,-0.39,23,114
Barbarian,Barbarians/models/BRB_Characters_customizable.FBX,BRB_weapon_staff_C,Staff,staff,C,medium/leather tier,right,,71.28,11.53,17.14,-0.41,134,364
Barbarian,Barbarians/models/BRB_Characters_customizable.FBX,BRB_weapon_staff_B,Staff,staff,B,light/cloth tier,right,,72.32,7.90,14.78,0.36,29,126
Barbarian,Barbarians/models/BRB_Characters_customizable.FBX,BRB_Shield_A,Shield,shield,A,light/cloth tier,left,,5.46,21.02,21.43,-1.32,17,86
Barbarian,Barbarians/models/BRB_Characters_customizable.FBX,BRB_Shield_C,Shield,shield,C,medium/leather tier,left,,4.80,35.18,19.68,-0.43,25,102
Barbarian,Barbarians/models/BRB_Characters_customizable.FBX,BRB_Shield_D,Shield,shield,D,medium/leather tier,left,,5.29,28.36,26.97,-1.39,27,110
Barbarian,Barbarians/models/BRB_Characters_customizable.FBX,BRB_Shield_B,Shield,shield,B,light/cloth tier,left,,5.41,28.36,26.97,-1.21,27,110
Barbarian,Barbarians/models/BRB_Characters_customizable.FBX,BRB_weapon_sword_A,Sword,sword,A,light/cloth tier,right,,45.24,3.75,9.64,-0.03,17,70
Barbarian,Barbarians/models/BRB_Characters_customizable.FBX,BRB_weapon_spear,Spear,spear,,,right,,76.86,2.80,6.64,-0.10,21,86
Barbarian,Barbarians/models/BRB_Characters_customizable.FBX,BRB_weapon_axe_A,Axe,axe,A,light/cloth tier,right,,33.42,2.94,12.70,0.17,24,88
Barbarian,Barbarians/models/BRB_Characters_customizable.FBX,BRB_weapon_sword_B,Sword,sword,B,light/cloth tier,right,,45.60,3.68,10.58,0.16,26,114
Barbarian,Barbarians/models/BRB_Characters_customizable.FBX,BRB_weapon_hammer_A,Hammer,hammer,A,light/cloth tier,right,,28.63,4.76,12.59,0.21,18,56
Barbarian,Barbarians/models/BRB_Characters_customizable.FBX,BRB_weapon_Dagger,Dagger,dagger,,,right,,32.64,3.13,5.96,-0.15,15,52
Barbarian,Barbarians/models/BRB_Characters_customizable.FBX,BRB_weapon_axe_B,Axe,axe,B,light/cloth tier,right,,42.55,3.53,19.53,-0.05,40,134
Barbarian,Barbarians/models/BRB_Characters_customizable.FBX,BRB_weapon_hammer_B,Hammer,hammer,B,light/cloth tier,right,,38.39,6.76,13.83,-0.19,23,84
Barbarian,Barbarians/models/BRB_Characters_customizable.FBX,BRB_weapon_axe_C,Axe,axe,C,medium/leather tier,right,,36.00,4.43,19.58,0.05,47,168
Barbarian,Barbarians/models/BRB_Characters_customizable.FBX,BRB_Xtra_wood,Lumber,wood,,,,,33.86,29.57,17.79,-7.46,30,90
Barbarian,Barbarians/models/BRB_Characters_customizable.FBX,BRB_Xtra_bag,Belt Bag,bag,,,,,20.86,32.29,23.83,5.48,33,162
Barbarian,Barbarians/models/BRB_Characters_customizable.FBX,BRB_Xtra_quiver,Quiver,quiver,,,,,11.01,7.47,36.60,-1.67,56,129
Barbarian,Barbarians/models/BRB_Characters_customizable.FBX,BRB_body_F,Body,,F,heavy/plate tier,,Bip001 Spine,39.96,19.36,53.71,0.54,119,506
Barbarian,Barbarians/models/BRB_Characters_customizable.FBX,BRB_head_I,Head,,I,heavy/plate tier,,Bip001 Head,10.09,18.11,17.93,2.42,101,316
Barbarian,Barbarians/models/BRB_Characters_customizable.FBX,BRB_head_J,Head,,J,heavy/plate tier,,Bip001 Head,10.03,13.52,18.39,0.52,48,212
Barbarian,Barbarians/models/BRB_Characters_customizable.FBX,BRB_head_C,Head,,C,medium/leather tier,,Bip001 Head,10.24,14.14,14.71,1.63,55,255
Barbarian,Barbarians/models/BRB_Characters_customizable.FBX,BRB_body_A,Body,,A,light/cloth tier,,Bip001 Spine,43.15,14.95,42.33,1.28,92,356
Barbarian,Barbarians/models/BRB_Characters_customizable.FBX,BRB_body_B,Body,,B,light/cloth tier,,Bip001 Spine,43.15,14.99,42.33,1.75,92,364
Barbarian,Barbarians/models/BRB_Characters_customizable.FBX,BRB_body_E,Body,,E,medium/leather tier,,Bip001 Spine,43.15,15.75,42.33,1.43,92,360
Barbarian,Barbarians/models/BRB_Characters_customizable.FBX,BRB_head_B,Head,,B,light/cloth tier,,Bip001 Head,7.32,17.66,16.04,3.63,57,258
Barbarian,Barbarians/models/BRB_Characters_customizable.FBX,BRB_body_D,Body,,D,medium/leather tier,,Bip001 Spine,43.15,14.16,42.33,2.16,92,364
Barbarian,Barbarians/models/BRB_Characters_customizable.FBX,BRB_head_A,Head,,A,light/cloth tier,,Bip001 Head,7.32,11.31,12.25,0.43,34,164
Barbarian,Barbarians/models/BRB_Characters_customizable.FBX,BRB_shoulderpads_B,Shoulders,,B,light/cloth tier,,Bip001 R Clavicle,29.47,18.18,11.02,-0.74,34,148
Barbarian,Barbarians/models/BRB_Characters_customizable.FBX,BRB_body_G,Body,,G,heavy/plate tier,,Bip001 Spine,43.15,15.97,42.33,1.74,122,502
Barbarian,Barbarians/models/BRB_Characters_customizable.FBX,BRB_head_D,Head,,D,medium/leather tier,,Bip001 Head,8.09,12.54,14.09,-2.75,71,282
Barbarian,Barbarians/models/BRB_Characters_customizable.FBX,BRB_head_F,Head,,F,heavy/plate tier,,Bip001 Head,12.86,13.27,15.57,-2.36,97,408
Barbarian,Barbarians/models/BRB_Characters_customizable.FBX,BRB_head_H,Head,,H,heavy/plate tier,,Bip001 Head,16.76,17.73,19.21,0.55,120,350
Barbarian,Barbarians/models/BRB_Characters_customizable.FBX,BRB_shoulderpads_C,Shoulders,,C,medium/leather tier,,Bip001 R Clavicle,31.33,18.85,16.95,-0.48,127,672
Barbarian,Barbarians/models/BRB_Characters_customizable.FBX,BRB_shoulderpads_A,Shoulders,,A,light/cloth tier,,Bip001 L Clavicle,15.99,18.58,14.84,-0.18,31,133
Barbarian,Barbarians/models/BRB_Characters_customizable.FBX,BRB_head_E,Head,,E,medium/leather tier,,Bip001 Head,16.60,13.27,14.73,-2.36,68,286
Barbarian,Barbarians/models/BRB_Characters_customizable.FBX,BRB_head_G,Head,,G,heavy/plate tier,,Bip001 Head,19.24,14.38,15.85,-2.77,54,220
Barbarian,Barbarians/models/BRB_Characters_customizable.FBX,BRB_body_C,Body,,C,medium/leather tier,,Bip001 Spine,43.15,14.43,42.33,2.03,92,364
Barbarian,Barbarians/models/BRB_Characters_customizable.FBX,BRB_body_H,Body,,H,heavy/plate tier,,Bip001 Spine,43.15,15.97,42.33,1.74,122,502
Barbarian,Barbarians/models/BRB_Characters_customizable.FBX,BRB_arms_A,Arms,,A,light/cloth tier,,Bip001 R Hand,60.30,8.25,15.63,1.96,26,112
Barbarian,Barbarians/models/BRB_Characters_customizable.FBX,BRB_legs_A,Legs,,A,light/cloth tier,,Bip001 R Foot,19.60,15.66,13.62,-1.04,36,156
Barbarian,Barbarians/models/BRB_Characters_customizable.FBX,BRB_arms_B,Arms,,B,light/cloth tier,,Bip001 R Hand,60.30,8.25,15.63,1.96,26,112
Barbarian,Barbarians/models/BRB_Characters_customizable.FBX,BRB_legs_B,Legs,,B,light/cloth tier,,Bip001 R Foot,19.60,15.66,13.62,-1.04,36,156
Barbarian,Barbarians/models/BRB_Characters_customizable.FBX,BRB_arms_C,Arms,,C,medium/leather tier,,Bip001 R Forearm,60.30,9.52,18.44,2.28,50,224
Barbarian,Barbarians/models/BRB_Characters_customizable.FBX,BRB_legs_C,Legs,,C,medium/leather tier,,Bip001 R Foot,19.60,15.66,14.50,-1.04,36,156
Barbarian,Barbarians/models/extra_models/BRB_bag.FBX,WK_Xtra_bag,Belt Bag,bag,,,,,21.27,29.92,15.96,0.09,33,162
Barbarian,Barbarians/models/extra_models/Equipment/BRB_weapon_hammer_B.FBX,BRB_weapon_hammer_B,Hammer,hammer,B,light/cloth tier,right,,38.39,6.76,13.83,-0.19,23,84
Barbarian,Barbarians/models/extra_models/Equipment/BRB_weapon_spear.FBX,BRB_weapon_spear,Spear,spear,,,right,,76.86,2.80,6.64,-0.10,21,86
Barbarian,Barbarians/models/extra_models/Equipment/BRB_weapon_staff_B.FBX,BRB_weapon_staff_B,Staff,staff,B,light/cloth tier,right,,72.32,7.90,14.78,0.36,29,126
Barbarian,Barbarians/models/extra_models/Equipment/BRB_weapon_sword_B.FBX,BRB_weapon_sword_B,Sword,sword,B,light/cloth tier,right,,45.60,3.68,10.58,0.16,26,114
Dwarf,Dwarves/models/DWF_Cavalry_customizable.FBX,DWF_Weapon_bow,Bow,bow,,,left,,49.34,3.60,13.85,0.00,27,134
Dwarf,Dwarves/models/DWF_Cavalry_customizable.FBX,DWF_Weapon_staff_B,Staff,staff,B,light/cloth tier,right,,60.64,15.66,6.11,-0.01,73,244
Dwarf,Dwarves/models/DWF_Cavalry_customizable.FBX,DWF_Weapon_staff_A,Staff,staff,A,light/cloth tier,right,,60.35,5.10,4.86,0.11,22,76
Dwarf,Dwarves/models/DWF_Cavalry_customizable.FBX,DWF_Shield_B,Shield,shield,B,light/cloth tier,left,,6.14,28.37,27.03,0.89,27,110
Dwarf,Dwarves/models/DWF_Cavalry_customizable.FBX,DWF_Shield_A,Shield,shield,A,light/cloth tier,left,,6.50,23.71,24.11,2.37,17,86
Dwarf,Dwarves/models/DWF_Cavalry_customizable.FBX,DWF_Shield_C,Shield,shield,C,medium/leather tier,left,,7.20,36.18,21.95,-0.12,21,90
Dwarf,Dwarves/models/DWF_Cavalry_customizable.FBX,DWF_Shield_D,Shield,shield,D,medium/leather tier,left,,5.86,31.79,31.80,2.16,32,144
Dwarf,Dwarves/models/DWF_Cavalry_customizable.FBX,DWF_Weapon_dagger,Dagger,dagger,,,right,,28.07,3.78,7.80,0.00,16,58
Dwarf,Dwarves/models/DWF_Cavalry_customizable.FBX,DWF_Weapon_spear,Spear,spear,,,right,,61.68,4.08,7.64,-0.00,15,52
Dwarf,Dwarves/models/DWF_Cavalry_customizable.FBX,DWF_Weapon_axe_B,Axe,axe,B,light/cloth tier,right,,39.03,4.23,15.07,-0.13,33,130
Dwarf,Dwarves/models/DWF_Cavalry_customizable.FBX,DWF_Weapon_pick,Pick,pick,,,right,,32.39,4.73,27.70,0.00,40,128
Dwarf,Dwarves/models/DWF_Cavalry_customizable.FBX,DWF_Weapon_axe_A,Axe,axe,A,light/cloth tier,right,,34.29,4.65,15.18,0.00,33,134
Dwarf,Dwarves/models/DWF_Cavalry_customizable.FBX,DWF_Weapon_axe_C,Axe,axe,C,medium/leather tier,right,,45.20,5.43,21.96,0.00,56,246
Dwarf,Dwarves/models/DWF_Cavalry_customizable.FBX,DWF_Weapon_sword_B,Sword,sword,B,light/cloth tier,right,,44.80,3.80,10.43,-0.00,31,106
Dwarf,Dwarves/models/DWF_Cavalry_customizable.FBX,DWF_Weapon_hammer_B,Hammer,hammer,B,light/cloth tier,right,,44.58,7.69,13.63,0.00,26,96
Dwarf,Dwarves/models/DWF_Cavalry_customizable.FBX,DWF_Weapon_hammer_A,Hammer,hammer,A,light/cloth tier,right,,29.23,5.79,11.40,-0.00,20,68
Dwarf,Dwarves/models/DWF_Cavalry_customizable.FBX,DWF_Weapon_sword_A,Sword,sword,A,light/cloth tier,right,,39.54,3.97,7.22,-0.00,22,78
Dwarf,Dwarves/models/DWF_Cavalry_customizable.FBX,DWF_Xtra_quiver,Quiver,quiver,,,,,9.60,5.22,31.74,-1.02,56,123
Dwarf,Dwarves/models/DWF_Cavalry_customizable.FBX,DWF_Mount_Ram,Creature,ram,,,,Bip001 Head,31.71,71.03,56.02,-9.25,186,1016
Dwarf,Dwarves/models/DWF_Cavalry_customizable.FBX,DWF_Units_Body_A,Body,,A,light/cloth tier,,Bip001 Spine001,37.22,16.88,33.71,0.58,88,350
Dwarf,Dwarves/models/DWF_Cavalry_customizable.FBX,DWF_Units_Head_A,Head,,A,light/cloth tier,,Bip001 Head001,13.49,16.14,23.05,-2.13,53,266
Dwarf,Dwarves/models/DWF_Cavalry_customizable.FBX,DWF_Units_Body_E,Body,,E,medium/leather tier,,Bip001 Spine001,37.22,19.55,41.52,0.49,119,678
Dwarf,Dwarves/models/DWF_Cavalry_customizable.FBX,DWF_Units_Body_B,Body,,B,light/cloth tier,,Bip001 Spine001,37.22,16.88,33.71,0.58,88,350
Dwarf,Dwarves/models/DWF_Cavalry_customizable.FBX,DWF_Units_Body_C,Body,,C,medium/leather tier,,Bip001 Spine001,37.22,16.98,33.71,0.63,88,350
Dwarf,Dwarves/models/DWF_Cavalry_customizable.FBX,DWF_Units_Body_D,Body,,D,medium/leather tier,,Bip001 Spine001,37.22,17.05,33.71,0.67,88,350
Dwarf,Dwarves/models/DWF_Cavalry_customizable.FBX,DWF_Units_Shoulderpads_A,Shoulders,,A,light/cloth tier,,Bip001 L Clavicle001,28.02,17.63,11.45,-0.52,32,136
Dwarf,Dwarves/models/DWF_Cavalry_customizable.FBX,DWF_Units_Shoulderpads_B,Shoulders,,B,light/cloth tier,,Bip001 L Clavicle001,27.01,16.22,10.54,-0.50,32,136
Dwarf,Dwarves/models/DWF_Cavalry_customizable.FBX,DWF_Units_Shoulderpads_C,Shoulders,,C,medium/leather tier,,Bip001 L Clavicle001,33.14,17.61,12.22,-0.96,34,148
Dwarf,Dwarves/models/DWF_Cavalry_customizable.FBX,DWF_Units_Head_M,Head,,M,heavy/plate tier,,Bip001 Head001,12.71,17.52,24.83,-1.44,62,286
Dwarf,Dwarves/models/DWF_Cavalry_customizable.FBX,DWF_Units_Head_N,Head,,N,heavy/plate tier,,Bip001 Head001,12.71,17.52,24.83,-1.44,62,286
Dwarf,Dwarves/models/DWF_Cavalry_customizable.FBX,DWF_Units_Arms_A,Arms,,A,light/cloth tier,,Bip001 R Forearm001,55.86,10.96,15.16,2.23,26,112
Dwarf,Dwarves/models/DWF_Cavalry_customizable.FBX,DWF_Units_Legs_A,Legs,,A,light/cloth tier,,Bip001 R Foot001,19.98,16.23,11.38,-1.17,36,192
Dwarf,Dwarves/models/DWF_Cavalry_customizable.FBX,DWF_Units_Legs_B,Legs,,B,light/cloth tier,,Bip001 R Foot001,19.98,16.23,10.70,-1.17,36,192
Dwarf,Dwarves/models/DWF_Cavalry_customizable.FBX,DWF_Units_Arms_B,Arms,,B,light/cloth tier,,Bip001 R Forearm001,55.86,10.96,15.16,2.23,26,112
Dwarf,Dwarves/models/DWF_Cavalry_customizable.FBX,DWF_Units_Legs_C,Legs,,C,medium/leather tier,,Bip001 R Foot001,19.98,16.23,11.38,-1.17,36,192
Dwarf,Dwarves/models/DWF_Cavalry_customizable.FBX,DWF_Units_Arms_C,Arms,,C,medium/leather tier,,Bip001 R Forearm001,55.86,10.96,15.16,2.23,26,112
Dwarf,Dwarves/models/DWF_Cavalry_customizable.FBX,DWF_Units_Head_B,Head,,B,light/cloth tier,,Bip001 Head001,13.49,16.14,25.39,-2.13,65,292
Dwarf,Dwarves/models/DWF_Cavalry_customizable.FBX,DWF_Units_Head_C,Head,,C,medium/leather tier,,Bip001 Head001,14.93,16.14,26.61,-2.13,92,410
Dwarf,Dwarves/models/DWF_Cavalry_customizable.FBX,DWF_Units_Head_D,Head,,D,medium/leather tier,,Bip001 Head001,13.49,17.27,25.39,-1.57,69,300
Dwarf,Dwarves/models/DWF_Cavalry_customizable.FBX,DWF_Units_Head_E,Head,,E,medium/leather tier,,Bip001 Head001,13.49,16.25,25.74,-2.08,71,310
Dwarf,Dwarves/models/DWF_Cavalry_customizable.FBX,DWF_Units_Head_F,Head,,F,heavy/plate tier,,Bip001 Head001,16.67,16.25,27.39,-2.08,103,422
Dwarf,Dwarves/models/DWF_Cavalry_customizable.FBX,DWF_Units_Head_G,Head,,G,heavy/plate tier,,Bip001 Head001,13.17,17.17,24.72,-1.61,73,320
Dwarf,Dwarves/models/DWF_Cavalry_customizable.FBX,DWF_Units_Head_H,Head,,H,heavy/plate tier,,Bip001 Head001,17.49,17.17,29.91,-1.61,105,432
Dwarf,Dwarves/models/DWF_Cavalry_customizable.FBX,DWF_Units_Head_I,Head,,I,heavy/plate tier,,Bip001 Head001,28.97,17.17,24.82,-1.61,105,456
Dwarf,Dwarves/models/DWF_Cavalry_customizable.FBX,DWF_Units_Head_J,Head,,J,heavy/plate tier,,Bip001 Head001,13.13,17.51,27.25,-1.44,69,310
Dwarf,Dwarves/models/DWF_Cavalry_customizable.FBX,DWF_Units_Head_K,Head,,K,heavy/plate tier,,Bip001 Head001,21.55,17.51,27.84,-1.44,95,408
Dwarf,Dwarves/models/DWF_Cavalry_customizable.FBX,DWF_Units_Head_L,Head,,L,heavy/plate tier,,Bip001 Head001,20.69,17.23,26.31,-1.59,81,352
Dwarf,Dwarves/models/DWF_Characters_customizable.FBX,DWF_Weapon_bow,Bow,bow,,,left,,49.34,3.60,13.85,0.00,27,134
Dwarf,Dwarves/models/DWF_Characters_customizable.FBX,DWF_Weapon_staff_B,Staff,staff,B,light/cloth tier,right,,60.64,15.66,6.11,-0.01,73,244
Dwarf,Dwarves/models/DWF_Characters_customizable.FBX,DWF_Weapon_staff_A,Staff,staff,A,light/cloth tier,right,,60.35,5.10,4.86,0.11,22,76
Dwarf,Dwarves/models/DWF_Characters_customizable.FBX,DWF_Shield_B,Shield,shield,B,light/cloth tier,left,,6.14,28.37,27.03,0.89,27,110
Dwarf,Dwarves/models/DWF_Characters_customizable.FBX,DWF_Shield_A,Shield,shield,A,light/cloth tier,left,,6.50,23.71,24.11,2.37,17,86
Dwarf,Dwarves/models/DWF_Characters_customizable.FBX,DWF_Shield_C,Shield,shield,C,medium/leather tier,left,,7.20,36.18,21.95,-0.12,21,90
Dwarf,Dwarves/models/DWF_Characters_customizable.FBX,DWF_Shield_D,Shield,shield,D,medium/leather tier,left,,5.86,31.79,31.80,2.16,32,144
Dwarf,Dwarves/models/DWF_Characters_customizable.FBX,DWF_Weapon_dagger,Dagger,dagger,,,right,,28.07,3.78,7.80,0.00,16,58
Dwarf,Dwarves/models/DWF_Characters_customizable.FBX,DWF_Weapon_spear,Spear,spear,,,right,,61.68,4.08,7.64,-0.00,15,52
Dwarf,Dwarves/models/DWF_Characters_customizable.FBX,DWF_Weapon_axe_B,Axe,axe,B,light/cloth tier,right,,39.03,4.23,15.07,-0.13,33,130
Dwarf,Dwarves/models/DWF_Characters_customizable.FBX,DWF_Weapon_pick,Pick,pick,,,right,,32.39,4.73,27.70,0.00,40,128
Dwarf,Dwarves/models/DWF_Characters_customizable.FBX,DWF_Weapon_axe_A,Axe,axe,A,light/cloth tier,right,,34.29,4.65,15.18,0.00,33,134
Dwarf,Dwarves/models/DWF_Characters_customizable.FBX,DWF_Weapon_axe_C,Axe,axe,C,medium/leather tier,right,,45.20,5.43,21.96,0.00,56,246
Dwarf,Dwarves/models/DWF_Characters_customizable.FBX,DWF_Weapon_sword_B,Sword,sword,B,light/cloth tier,right,,44.80,3.80,10.43,-0.00,31,106
Dwarf,Dwarves/models/DWF_Characters_customizable.FBX,DWF_Weapon_hammer_B,Hammer,hammer,B,light/cloth tier,right,,44.58,7.69,13.63,0.00,26,96
Dwarf,Dwarves/models/DWF_Characters_customizable.FBX,DWF_Weapon_hammer_A,Hammer,hammer,A,light/cloth tier,right,,29.23,5.79,11.40,-0.00,20,68
Dwarf,Dwarves/models/DWF_Characters_customizable.FBX,DWF_Weapon_sword_A,Sword,sword,A,light/cloth tier,right,,39.54,3.97,7.22,-0.00,22,78
Dwarf,Dwarves/models/DWF_Characters_customizable.FBX,DWF_Xtra_wood,Lumber,wood,,,,,33.86,29.57,17.79,-7.46,30,90
Dwarf,Dwarves/models/DWF_Characters_customizable.FBX,DWF_Xtra_bag,Belt Bag,bag,,,,,20.86,32.29,23.83,5.48,33,162
Dwarf,Dwarves/models/DWF_Characters_customizable.FBX,DWF_Xtra_quiver,Quiver,quiver,,,,,9.60,5.22,31.74,-1.02,56,123
Dwarf,Dwarves/models/DWF_Characters_customizable.FBX,DWF_Units_Body_A,Body,,A,light/cloth tier,,Bip001 Spine,37.22,16.88,33.71,0.58,88,350
Dwarf,Dwarves/models/DWF_Characters_customizable.FBX,DWF_Units_Head_A,Head,,A,light/cloth tier,,Bip001 Head,13.49,16.14,23.05,-2.13,53,266
Dwarf,Dwarves/models/DWF_Characters_customizable.FBX,DWF_Units_Body_E,Body,,E,medium/leather tier,,Bip001 Spine,37.22,19.55,41.52,0.49,119,678
Dwarf,Dwarves/models/DWF_Characters_customizable.FBX,DWF_Units_Body_B,Body,,B,light/cloth tier,,Bip001 Spine,37.22,16.88,33.71,0.58,88,350
Dwarf,Dwarves/models/DWF_Characters_customizable.FBX,DWF_Units_Body_C,Body,,C,medium/leather tier,,Bip001 Spine,37.22,16.98,33.71,0.63,88,350
Dwarf,Dwarves/models/DWF_Characters_customizable.FBX,DWF_Units_Body_D,Body,,D,medium/leather tier,,Bip001 Spine,37.22,17.05,33.71,0.67,88,350
Dwarf,Dwarves/models/DWF_Characters_customizable.FBX,DWF_Units_Shoulderpads_A,Shoulders,,A,light/cloth tier,,Bip001 L Clavicle,28.02,17.63,11.45,-0.52,32,136
Dwarf,Dwarves/models/DWF_Characters_customizable.FBX,DWF_Units_Shoulderpads_B,Shoulders,,B,light/cloth tier,,Bip001 L Clavicle,27.01,16.22,10.54,-0.50,32,136
Dwarf,Dwarves/models/DWF_Characters_customizable.FBX,DWF_Units_Shoulderpads_C,Shoulders,,C,medium/leather tier,,Bip001 L Clavicle,33.14,17.61,12.22,-0.96,34,148
Dwarf,Dwarves/models/DWF_Characters_customizable.FBX,DWF_Units_Head_M,Head,,M,heavy/plate tier,,Bip001 Head,12.71,17.52,24.83,-1.44,62,286
Dwarf,Dwarves/models/DWF_Characters_customizable.FBX,DWF_Units_Head_N,Head,,N,heavy/plate tier,,Bip001 Head,12.71,17.52,24.83,-1.44,62,286
Dwarf,Dwarves/models/DWF_Characters_customizable.FBX,DWF_Units_Arms_A,Arms,,A,light/cloth tier,,Bip001 R Forearm,55.86,10.96,15.16,2.23,26,112
Dwarf,Dwarves/models/DWF_Characters_customizable.FBX,DWF_Units_Legs_A,Legs,,A,light/cloth tier,,Bip001 R Foot,19.98,16.23,11.38,-1.17,36,192
Dwarf,Dwarves/models/DWF_Characters_customizable.FBX,DWF_Units_Legs_B,Legs,,B,light/cloth tier,,Bip001 R Foot,19.98,16.23,10.70,-1.17,36,192
Dwarf,Dwarves/models/DWF_Characters_customizable.FBX,DWF_Units_Arms_B,Arms,,B,light/cloth tier,,Bip001 R Forearm,55.86,10.96,15.16,2.23,26,112
Dwarf,Dwarves/models/DWF_Characters_customizable.FBX,DWF_Units_Legs_C,Legs,,C,medium/leather tier,,Bip001 R Foot,19.98,16.23,11.38,-1.17,36,192
Dwarf,Dwarves/models/DWF_Characters_customizable.FBX,DWF_Units_Arms_C,Arms,,C,medium/leather tier,,Bip001 R Forearm,55.86,10.96,15.16,2.23,26,112
Dwarf,Dwarves/models/DWF_Characters_customizable.FBX,DWF_Units_Head_B,Head,,B,light/cloth tier,,Bip001 Head,13.49,16.14,25.39,-2.13,65,292
Dwarf,Dwarves/models/DWF_Characters_customizable.FBX,DWF_Units_Head_C,Head,,C,medium/leather tier,,Bip001 Head,14.93,16.14,26.61,-2.13,92,410
Dwarf,Dwarves/models/DWF_Characters_customizable.FBX,DWF_Units_Head_D,Head,,D,medium/leather tier,,Bip001 Head,13.49,17.27,25.39,-1.57,69,300
Dwarf,Dwarves/models/DWF_Characters_customizable.FBX,DWF_Units_Head_E,Head,,E,medium/leather tier,,Bip001 Head,13.49,16.25,25.74,-2.08,71,310
Dwarf,Dwarves/models/DWF_Characters_customizable.FBX,DWF_Units_Head_F,Head,,F,heavy/plate tier,,Bip001 Head,16.67,16.25,27.39,-2.08,103,422
Dwarf,Dwarves/models/DWF_Characters_customizable.FBX,DWF_Units_Head_G,Head,,G,heavy/plate tier,,Bip001 Head,13.17,17.17,24.72,-1.61,73,320
Dwarf,Dwarves/models/DWF_Characters_customizable.FBX,DWF_Units_Head_H,Head,,H,heavy/plate tier,,Bip001 Head,17.49,17.17,29.91,-1.61,105,432
Dwarf,Dwarves/models/DWF_Characters_customizable.FBX,DWF_Units_Head_I,Head,,I,heavy/plate tier,,Bip001 Head,28.97,17.17,24.82,-1.61,105,456
Dwarf,Dwarves/models/DWF_Characters_customizable.FBX,DWF_Units_Head_J,Head,,J,heavy/plate tier,,Bip001 Head,13.13,17.51,27.25,-1.44,69,310
Dwarf,Dwarves/models/DWF_Characters_customizable.FBX,DWF_Units_Head_K,Head,,K,heavy/plate tier,,Bip001 Head,21.55,17.51,27.84,-1.44,95,408
Dwarf,Dwarves/models/DWF_Characters_customizable.FBX,DWF_Units_Head_L,Head,,L,heavy/plate tier,,Bip001 Head,20.69,17.23,26.31,-1.59,81,352
Elf,Elves/models/ELF_BoltThrower.FBX,ELF_BoltThrower,Engine,,,,,Bone_Bolt,111.76,54.02,136.52,6.54,354,1734
Elf,Elves/models/ELF_Cavalry_customizable.FBX,ELF_Horse,Creature,horse,,,,Bip001 Head,26.38,85.61,67.16,-7.64,174,794
Elf,Elves/models/ELF_Cavalry_customizable.FBX,ELF_weapon_bow,Bow,bow,,,left,,61.34,4.35,13.01,-0.09,32,132
Elf,Elves/models/ELF_Cavalry_customizable.FBX,ELF_weapon_staff_B,Staff,staff,B,light/cloth tier,right,,78.64,16.75,7.15,0.21,50,226
Elf,Elves/models/ELF_Cavalry_customizable.FBX,ELF_weapon_staff_C,Staff,staff,C,medium/leather tier,right,,79.66,21.26,11.05,0.25,63,252
Elf,Elves/models/ELF_Cavalry_customizable.FBX,ELF_weapon_staff_A,Staff,staff,A,light/cloth tier,right,,79.35,14.34,4.78,0.31,53,208
Elf,Elves/models/ELF_Cavalry_customizable.FBX,ELF_shield_C,Shield,shield,C,medium/leather tier,left,,5.69,60.49,22.29,-3.24,28,124
Elf,Elves/models/ELF_Cavalry_customizable.FBX,ELF_shield_B,Shield,shield,B,light/cloth tier,left,,5.18,43.61,19.00,0.80,21,84
Elf,Elves/models/ELF_Cavalry_customizable.FBX,ELF_shield_A,Shield,shield,A,light/cloth tier,left,,4.29,31.17,20.06,0.29,17,70
Elf,Elves/models/ELF_Cavalry_customizable.FBX,ELF_weapon_axe,Axe,axe,,,right,,40.85,3.93,10.52,0.06,29,112
Elf,Elves/models/ELF_Cavalry_customizable.FBX,ELF_weapon_hammer,Hammer,hammer,,,right,,28.64,4.76,12.59,0.20,18,56
Elf,Elves/models/ELF_Cavalry_customizable.FBX,ELF_weapon_sword_B,Sword,sword,B,light/cloth tier,right,,53.17,2.92,8.24,0.08,21,73
Elf,Elves/models/ELF_Cavalry_customizable.FBX,ELF_weapon_dagger,Dagger,dagger,,,right,,32.99,3.85,6.68,0.22,17,56
Elf,Elves/models/ELF_Cavalry_customizable.FBX,ELF_weapon_sword_A,Sword,sword,A,light/cloth tier,right,,51.53,4.80,8.42,0.13,24,100
Elf,Elves/models/ELF_Cavalry_customizable.FBX,ELF_weapon_spear,Spear,spear,,,right,,88.72,4.40,5.92,-0.12,21,72
Elf,Elves/models/ELF_Cavalry_customizable.FBX,ELF_weapon_lance,Lance,lance,,,right,,103.46,9.44,10.90,0.01,45,176
Elf,Elves/models/ELF_Cavalry_customizable.FBX,ELF_Xtra_quiver,Quiver,quiver,,,,,10.99,7.25,36.62,-2.07,56,129
Elf,Elves/models/ELF_Cavalry_customizable.FBX,ELF_horse_Seat,Saddle,,,,,Bip001 Spine,24.15,15.36,20.55,1.42,19,90
Elf,Elves/models/ELF_Cavalry_customizable.FBX,ELF_Units_Legs_A,Legs,,A,light/cloth tier,,Bip001 R Foot001,18.75,15.89,14.46,-1.14,34,140
Elf,Elves/models/ELF_Cavalry_customizable.FBX,ELF_Units_Arms_A,Arms,,A,light/cloth tier,,Bip001 R Hand001,59.28,9.60,15.00,2.31,26,112
Elf,Elves/models/ELF_Cavalry_customizable.FBX,ELF_Units_Body_F,Body,,F,heavy/plate tier,,Bip001 Spine001,39.96,19.36,53.90,0.54,119,506
Elf,Elves/models/ELF_Cavalry_customizable.FBX,ELF_Units_Body_A,Body,,A,light/cloth tier,,Bip001 Spine001,43.15,14.17,43.10,1.78,92,364
Elf,Elves/models/ELF_Cavalry_customizable.FBX,ELF_Units_Head_A,Head,,A,light/cloth tier,,Bip001 Head001,9.25,13.74,11.82,-2.02,99,416
Elf,Elves/models/ELF_Cavalry_customizable.FBX,ELF_Units_Body_B,Body,,B,light/cloth tier,,Bip001 Spine001,43.15,14.93,43.55,2.16,92,364
Elf,Elves/models/ELF_Cavalry_customizable.FBX,ELF_Units_Arms_B,Arms,,B,light/cloth tier,,Bip001 R Hand001,59.35,9.63,15.04,2.29,26,112
Elf,Elves/models/ELF_Cavalry_customizable.FBX,ELF_Units_Legs_B,Legs,,B,light/cloth tier,,Bip001 R Foot001,18.75,15.89,14.83,-1.14,34,140
Elf,Elves/models/ELF_Cavalry_customizable.FBX,ELF_Units_Body_E,Body,,E,medium/leather tier,,Bip001 Spine001,43.15,14.82,43.14,1.45,92,364
Elf,Elves/models/ELF_Cavalry_customizable.FBX,ELF_Units_Arms_C,Arms,,C,medium/leather tier,,Bip001 R Hand001,59.23,9.59,14.99,2.32,26,112
Elf,Elves/models/ELF_Cavalry_customizable.FBX,ELF_Units_Legs_C,Legs,,C,medium/leather tier,,Bip001 R Foot001,18.75,15.89,14.46,-1.14,34,140
Elf,Elves/models/ELF_Cavalry_customizable.FBX,ELF_Units_Head_C,Head,,C,medium/leather tier,,Bip001 Head001,9.88,15.52,12.58,-2.38,68,270
Elf,Elves/models/ELF_Cavalry_customizable.FBX,ELF_Units_Body_C,Body,,C,medium/leather tier,,Bip001 Spine001,43.15,14.74,43.30,1.90,92,364
Elf,Elves/models/ELF_Cavalry_customizable.FBX,ELF_Units_Shoulderpads_B,Shoulders,,B,light/cloth tier,,Bip001 R Clavicle001,33.96,9.15,12.99,2.05,32,144
Elf,Elves/models/ELF_Cavalry_customizable.FBX,ELF_Units_Head_E,Head,,E,medium/leather tier,,Bip001 Head001,7.89,17.52,12.17,-0.18,98,370
Elf,Elves/models/ELF_Cavalry_customizable.FBX,ELF_Units_Head_B,Head,,B,light/cloth tier,,Bip001 Head001,9.17,14.22,13.52,-3.16,76,322
Elf,Elves/models/ELF_Cavalry_customizable.FBX,ELF_Units_Head_D,Head,,D,medium/leather tier,,Bip001 Head001,9.88,15.52,12.58,-2.37,68,270
Elf,Elves/models/ELF_Cavalry_customizable.FBX,ELF_Units_Head_G,Head,,G,heavy/plate tier,,Bip001 Head001,8.05,15.91,12.44,-1.09,93,352
Elf,Elves/models/ELF_Cavalry_customizable.FBX,ELF_Units_Head_L,Head,,L,heavy/plate tier,,Bip001 Head001,8.03,17.14,13.03,-0.43,137,398
Elf,Elves/models/ELF_Cavalry_customizable.FBX,ELF_Units_Body_D,Body,,D,medium/leather tier,,Bip001 Spine001,43.15,15.16,43.19,1.68,92,364
Elf,Elves/models/ELF_Cavalry_customizable.FBX,ELF_Units_Shoulderpads_A,Shoulders,,A,light/cloth tier,,Bip001 L Clavicle001,28.17,8.50,12.52,0.87,32,144
Elf,Elves/models/ELF_Cavalry_customizable.FBX,ELF_Units_Shoulderpads_C,Shoulders,,C,medium/leather tier,,Bip001 L Clavicle001,34.16,18.08,12.26,2.87,44,216
Elf,Elves/models/ELF_Cavalry_customizable.FBX,ELF_Units_Head_N,Head,,N,heavy/plate tier,,Bip001 Head001,9.17,17.02,12.64,-0.30,135,562
Elf,Elves/models/ELF_Cavalry_customizable.FBX,ELF_Units_Head_F,Head,,F,heavy/plate tier,,Bip001 Head001,7.96,16.86,12.60,-0.58,153,458
Elf,Elves/models/ELF_Cavalry_customizable.FBX,ELF_Units_Head_H,Head,,H,heavy/plate tier,,Bip001 Head001,8.05,18.85,12.44,0.35,102,390
Elf,Elves/models/ELF_Cavalry_customizable.FBX,ELF_Units_Head_I,Head,,I,heavy/plate tier,,Bip001 Head001,8.05,18.85,13.08,0.35,166,516
Elf,Elves/models/ELF_Cavalry_customizable.FBX,ELF_Units_Head_J,Head,,J,heavy/plate tier,,Bip001 Head001,11.51,16.41,12.22,-0.74,127,488
Elf,Elves/models/ELF_Cavalry_customizable.FBX,ELF_Units_Head_M,Head,,M,heavy/plate tier,,Bip001 Head001,12.87,18.73,13.19,0.50,180,572
Elf,Elves/models/ELF_Cavalry_customizable.FBX,ELF_Units_Head_K,Head,,K,heavy/plate tier,,Bip001 Head001,13.14,18.68,12.96,0.30,200,652
Elf,Elves/models/ELF_Cavalry_customizable.FBX,ELF_Units_Head_O,Head,,O,heavy/plate tier,,Bip001 Head001,9.70,19.78,13.16,0.66,54,222
Elf,Elves/models/ELF_Cavalry_customizable.FBX,ELF_Units_Head_P,Head,,P,heavy/plate tier,,Bip001 Head001,9.79,19.97,13.10,0.79,54,222
Elf,Elves/models/ELF_Characters_customizable.FBX,ELF_weapon_bow,Bow,bow,,,left,,61.34,4.35,13.01,-0.09,32,132
Elf,Elves/models/ELF_Characters_customizable.FBX,ELF_weapon_staff_B,Staff,staff,B,light/cloth tier,right,,78.64,16.75,7.15,0.21,50,226
Elf,Elves/models/ELF_Characters_customizable.FBX,ELF_weapon_staff_C,Staff,staff,C,medium/leather tier,right,,79.66,21.26,11.05,0.25,63,252
Elf,Elves/models/ELF_Characters_customizable.FBX,ELF_weapon_staff_A,Staff,staff,A,light/cloth tier,right,,79.35,14.34,4.78,0.31,53,208
Elf,Elves/models/ELF_Characters_customizable.FBX,ELF_shield_C,Shield,shield,C,medium/leather tier,left,,5.69,60.49,22.29,-3.24,28,124
Elf,Elves/models/ELF_Characters_customizable.FBX,ELF_shield_B,Shield,shield,B,light/cloth tier,left,,5.18,43.61,19.00,0.80,21,84
Elf,Elves/models/ELF_Characters_customizable.FBX,ELF_shield_A,Shield,shield,A,light/cloth tier,left,,4.29,31.17,20.06,0.29,17,70
Elf,Elves/models/ELF_Characters_customizable.FBX,ELF_weapon_axe,Axe,axe,,,right,,40.85,3.93,10.52,0.06,29,112
Elf,Elves/models/ELF_Characters_customizable.FBX,ELF_weapon_hammer,Hammer,hammer,,,right,,28.64,4.76,12.59,0.20,18,56
Elf,Elves/models/ELF_Characters_customizable.FBX,ELF_weapon_sword_B,Sword,sword,B,light/cloth tier,right,,53.17,2.92,8.24,0.08,21,73
Elf,Elves/models/ELF_Characters_customizable.FBX,ELF_weapon_dagger,Dagger,dagger,,,right,,32.99,3.85,6.68,0.22,17,56
Elf,Elves/models/ELF_Characters_customizable.FBX,ELF_weapon_sword_A,Sword,sword,A,light/cloth tier,right,,51.53,4.80,8.42,0.13,24,100
Elf,Elves/models/ELF_Characters_customizable.FBX,ELF_weapon_spear,Spear,spear,,,right,,88.72,4.40,5.92,-0.12,21,72
Elf,Elves/models/ELF_Characters_customizable.FBX,ELF_Xtra_wood,Lumber,wood,,,,,33.86,29.57,17.79,-7.46,30,90
Elf,Elves/models/ELF_Characters_customizable.FBX,ELF_Xtra_bag,Belt Bag,bag,,,,,20.86,32.29,23.83,5.48,33,162
Elf,Elves/models/ELF_Characters_customizable.FBX,ELF_Xtra_quiver,Quiver,quiver,,,,,10.99,7.25,36.62,-2.07,56,129
Elf,Elves/models/ELF_Characters_customizable.FBX,ELF_Units_Legs_A,Legs,,A,light/cloth tier,,Bip001 R Foot,18.75,15.89,14.46,-1.14,34,140
Elf,Elves/models/ELF_Characters_customizable.FBX,ELF_Units_Arms_A,Arms,,A,light/cloth tier,,Bip001 R Hand,59.28,9.60,15.00,2.31,26,112
Elf,Elves/models/ELF_Characters_customizable.FBX,ELF_Units_Body_F,Body,,F,heavy/plate tier,,Bip001 Spine,39.96,19.36,53.90,0.54,119,506
Elf,Elves/models/ELF_Characters_customizable.FBX,ELF_Units_Body_A,Body,,A,light/cloth tier,,Bip001 Spine,43.15,14.17,43.10,1.78,92,364
Elf,Elves/models/ELF_Characters_customizable.FBX,ELF_Units_Head_A,Head,,A,light/cloth tier,,Bip001 Head,9.25,13.74,11.82,-2.02,99,416
Elf,Elves/models/ELF_Characters_customizable.FBX,ELF_Units_Body_B,Body,,B,light/cloth tier,,Bip001 Spine,43.15,14.93,43.55,2.16,92,364
Elf,Elves/models/ELF_Characters_customizable.FBX,ELF_Units_Arms_B,Arms,,B,light/cloth tier,,Bip001 R Hand,59.35,9.63,15.04,2.29,26,112
Elf,Elves/models/ELF_Characters_customizable.FBX,ELF_Units_Legs_B,Legs,,B,light/cloth tier,,Bip001 R Foot,18.75,15.89,14.83,-1.14,34,140
Elf,Elves/models/ELF_Characters_customizable.FBX,ELF_Units_Body_E,Body,,E,medium/leather tier,,Bip001 Spine,43.15,14.82,43.14,1.45,92,364
Elf,Elves/models/ELF_Characters_customizable.FBX,ELF_Units_Arms_C,Arms,,C,medium/leather tier,,Bip001 R Hand,59.23,9.59,14.99,2.32,26,112
Elf,Elves/models/ELF_Characters_customizable.FBX,ELF_Units_Legs_C,Legs,,C,medium/leather tier,,Bip001 R Foot,18.75,15.89,14.46,-1.14,34,140
Elf,Elves/models/ELF_Characters_customizable.FBX,ELF_Units_Head_C,Head,,C,medium/leather tier,,Bip001 Head,9.88,15.52,12.58,-2.38,68,270
Elf,Elves/models/ELF_Characters_customizable.FBX,ELF_Units_Body_C,Body,,C,medium/leather tier,,Bip001 Spine,43.15,14.74,43.30,1.90,92,364
Elf,Elves/models/ELF_Characters_customizable.FBX,ELF_Units_Shoulderpads_B,Shoulders,,B,light/cloth tier,,Bip001 R Clavicle,33.96,9.15,12.99,2.05,32,144
Elf,Elves/models/ELF_Characters_customizable.FBX,ELF_Units_Head_E,Head,,E,medium/leather tier,,Bip001 Head,7.89,17.52,12.17,-0.18,98,370
Elf,Elves/models/ELF_Characters_customizable.FBX,ELF_Units_Head_B,Head,,B,light/cloth tier,,Bip001 Head,9.17,14.22,13.52,-3.16,76,322
Elf,Elves/models/ELF_Characters_customizable.FBX,ELF_Units_Head_D,Head,,D,medium/leather tier,,Bip001 Head,9.88,15.52,12.58,-2.37,68,270
Elf,Elves/models/ELF_Characters_customizable.FBX,ELF_Units_Head_G,Head,,G,heavy/plate tier,,Bip001 Head,8.05,15.91,12.44,-1.09,93,352
Elf,Elves/models/ELF_Characters_customizable.FBX,ELF_Units_Head_L,Head,,L,heavy/plate tier,,Bip001 Head,8.03,17.14,13.03,-0.43,137,398
Elf,Elves/models/ELF_Characters_customizable.FBX,ELF_Units_Body_D,Body,,D,medium/leather tier,,Bip001 Spine,43.15,15.16,43.19,1.68,92,364
Elf,Elves/models/ELF_Characters_customizable.FBX,ELF_Units_Shoulderpads_A,Shoulders,,A,light/cloth tier,,Bip001 L Clavicle,28.17,8.50,12.52,0.87,32,144
Elf,Elves/models/ELF_Characters_customizable.FBX,ELF_Units_Shoulderpads_C,Shoulders,,C,medium/leather tier,,Bip001 L Clavicle,34.16,18.08,12.26,2.87,44,216
Elf,Elves/models/ELF_Characters_customizable.FBX,ELF_Units_Head_N,Head,,N,heavy/plate tier,,Bip001 Head,9.17,17.02,12.64,-0.30,135,562
Elf,Elves/models/ELF_Characters_customizable.FBX,ELF_Units_Head_F,Head,,F,heavy/plate tier,,Bip001 Head,7.96,16.86,12.60,-0.58,153,458
Elf,Elves/models/ELF_Characters_customizable.FBX,ELF_Units_Head_H,Head,,H,heavy/plate tier,,Bip001 Head,8.05,18.85,12.44,0.35,102,390
Elf,Elves/models/ELF_Characters_customizable.FBX,ELF_Units_Head_I,Head,,I,heavy/plate tier,,Bip001 Head,8.05,18.85,13.08,0.35,166,516
Elf,Elves/models/ELF_Characters_customizable.FBX,ELF_Units_Head_J,Head,,J,heavy/plate tier,,Bip001 Head,11.51,16.41,12.22,-0.74,127,488
Elf,Elves/models/ELF_Characters_customizable.FBX,ELF_Units_Head_M,Head,,M,heavy/plate tier,,Bip001 Head,12.87,18.73,13.19,0.50,180,572
Elf,Elves/models/ELF_Characters_customizable.FBX,ELF_Units_Head_K,Head,,K,heavy/plate tier,,Bip001 Head,13.14,18.68,12.96,0.30,200,652
Elf,Elves/models/ELF_Characters_customizable.FBX,ELF_Units_Head_O,Head,,O,heavy/plate tier,,Bip001 Head,9.70,19.78,13.16,0.66,54,222
Elf,Elves/models/ELF_Characters_customizable.FBX,ELF_Units_Head_P,Head,,P,heavy/plate tier,,Bip001 Head,9.79,19.97,13.10,0.79,54,222
Elf,Elves/models/extra_models/ELF_bolt.FBX,ELF_Bolt,Projectile,,,,,,13.80,82.55,13.23,0.00,54,168
Elf,Elves/models/extra_models/equipment/ELF_weapon_spear.FBX,ELF_weapon_spear,Spear,spear,,,right,,88.72,4.40,5.92,-0.12,21,72
Elf,Elves/models/extra_models/equipment/ELF_weapon_staff_C.FBX,ELF_weapon_staff_C,Staff,staff,C,medium/leather tier,right,,79.66,21.26,11.05,0.25,63,252
Orc,Orcs/models/ORC_Catapult.FBX,Orc_Catapult_stone,Projectile,,,,,,20.13,22.00,17.98,56.51,22,108
Orc,Orcs/models/ORC_Catapult.FBX,Orc_Catapult,Engine,,,,,Bone_body_B,88.28,116.37,64.95,14.02,392,1839
Orc,Orcs/models/ORC_Cavalry_Customizable.FBX,ORC_Mount_Wolf,Creature,wolf,,,,Bip001 Head,27.21,112.60,50.82,5.68,200,896
Orc,Orcs/models/ORC_Cavalry_Customizable.FBX,ORC_weapon_Bow,Bow,bow,,,left,,60.33,3.78,12.64,-0.39,23,114
Orc,Orcs/models/ORC_Cavalry_Customizable.FBX,ORC_weapon_staff_A,Staff,staff,A,light/cloth tier,right,,68.61,7.24,8.69,0.07,21,84
Orc,Orcs/models/ORC_Cavalry_Customizable.FBX,ORC_weapon_staff_C,Staff,staff,C,medium/leather tier,right,,70.93,18.39,18.99,0.54,140,424
Orc,Orcs/models/ORC_Cavalry_Customizable.FBX,ORC_weapon_staff_B,Staff,staff,B,light/cloth tier,right,,71.09,10.70,11.81,1.00,80,278
Orc,Orcs/models/ORC_Cavalry_Customizable.FBX,ORC_Shield_A,Shield,shield,A,light/cloth tier,left,,5.60,21.00,21.42,-1.40,17,86
Orc,Orcs/models/ORC_Cavalry_Customizable.FBX,ORC_Shield_C,Shield,shield,C,medium/leather tier,left,,7.98,29.91,30.49,-1.72,17,86
Orc,Orcs/models/ORC_Cavalry_Customizable.FBX,ORC_Shield_B,Shield,shield,B,light/cloth tier,left,,5.20,36.31,22.85,0.54,17,58
Orc,Orcs/models/ORC_Cavalry_Customizable.FBX,ORC_Shield_D,Shield,shield,D,medium/leather tier,left,,9.35,47.65,26.23,-3.54,37,126
Orc,Orcs/models/ORC_Cavalry_Customizable.FBX,ORC_weapon_spear,Spear,spear,,,right,,77.68,3.72,7.28,-0.11,21,86
Orc,Orcs/models/ORC_Cavalry_Customizable.FBX,ORC_weapon_Hammer,Hammer,hammer,,,right,,31.75,5.99,12.97,0.01,18,56
Orc,Orcs/models/ORC_Cavalry_Customizable.FBX,ORC_weapon_Dagger,Dagger,dagger,,,right,,40.14,3.84,7.32,0.12,15,52
Orc,Orcs/models/ORC_Cavalry_Customizable.FBX,ORC_weapon_Axe_C,Axe,axe,C,medium/leather tier,right,,48.32,4.80,25.23,0.08,24,104
Orc,Orcs/models/ORC_Cavalry_Customizable.FBX,ORC_weapon_Sword_B,Sword,sword,B,light/cloth tier,right,,52.33,5.01,12.28,0.05,30,118
Orc,Orcs/models/ORC_Cavalry_Customizable.FBX,ORC_weapon_Axe_A,Axe,axe,A,light/cloth tier,right,,34.99,3.28,16.15,0.09,15,70
Orc,Orcs/models/ORC_Cavalry_Customizable.FBX,ORC_weapon_Mace_A,Mace,mace,A,light/cloth tier,right,,43.02,14.73,16.70,-0.15,50,238
Orc,Orcs/models/ORC_Cavalry_Customizable.FBX,ORC_weapon_Axe_B,Axe,axe,B,light/cloth tier,right,,40.53,4.20,11.39,0.08,22,84
Orc,Orcs/models/ORC_Cavalry_Customizable.FBX,ORC_weapon_Sword_A,Sword,sword,A,light/cloth tier,right,,52.67,4.05,11.05,0.10,23,100
Orc,Orcs/models/ORC_Cavalry_Customizable.FBX,ORC_Xtra_quiver,Quiver,quiver,,,,,10.99,7.83,37.10,-1.73,56,129
Orc,Orcs/models/ORC_Cavalry_Customizable.FBX,ORC_Units_Body_A,Body,,A,light/cloth tier,,Bip001 Spine001,44.58,15.76,42.65,2.00,90,380
Orc,Orcs/models/ORC_Cavalry_Customizable.FBX,ORC_Units_Body_C,Body,,C,medium/leather tier,,Bip001 Spine001,44.58,14.76,42.65,2.50,90,380
Orc,Orcs/models/ORC_Cavalry_Customizable.FBX,ORC_Units_Body_B,Body,,B,light/cloth tier,,Bip001 Spine001,44.58,14.96,42.65,2.39,90,380
Orc,Orcs/models/ORC_Cavalry_Customizable.FBX,ORC_Units_Body_F,Body,,F,heavy/plate tier,,Bip001 Spine001,44.58,17.98,53.66,0.94,119,516
Orc,Orcs/models/ORC_Cavalry_Customizable.FBX,ORC_Units_Head_A,Head,,A,light/cloth tier,,Bip001 Head001,10.02,11.87,10.41,-0.34,49,226
Orc,Orcs/models/ORC_Cavalry_Customizable.FBX,ORC_Units_Body_E,Body,,E,medium/leather tier,,Bip001 Spine001,44.58,16.43,42.65,1.66,90,380
Orc,Orcs/models/ORC_Cavalry_Customizable.FBX,ORC_Units_Shoulderpads_C,Shoulders,,C,medium/leather tier,,Bip001 L Clavicle001,33.35,20.27,14.03,2.70,34,148
Orc,Orcs/models/ORC_Cavalry_Customizable.FBX,ORC_Units_Head_H,Head,,H,heavy/plate tier,,Bip001 Head001,10.62,16.58,13.07,2.02,59,238
Orc,Orcs/models/ORC_Cavalry_Customizable.FBX,ORC_Units_Shoulderpads_B,Shoulders,,B,light/cloth tier,,Bip001 L Clavicle001,33.62,18.58,11.56,2.94,34,148
Orc,Orcs/models/ORC_Cavalry_Customizable.FBX,ORC_Units_Arms_C,Arms,,C,medium/leather tier,,Bip001 R Hand001,62.60,10.46,17.25,1.90,26,112
Orc,Orcs/models/ORC_Cavalry_Customizable.FBX,ORC_Units_Legs_D,Legs,,D,medium/leather tier,,Bip001 R Foot001,20.93,16.18,14.30,-0.80,34,144
Orc,Orcs/models/ORC_Cavalry_Customizable.FBX,ORC_Units_Legs_B,Legs,,B,light/cloth tier,,Bip001 R Foot001,20.93,16.18,14.30,-0.80,34,144
Orc,Orcs/models/ORC_Cavalry_Customizable.FBX,ORC_Units_Arms_A,Arms,,A,light/cloth tier,,Bip001 R Hand001,62.60,10.46,17.25,1.90,26,112
Orc,Orcs/models/ORC_Cavalry_Customizable.FBX,ORC_Units_Legs_C,Legs,,C,medium/leather tier,,Bip001 R Foot001,20.93,16.18,14.30,-0.80,34,144
Orc,Orcs/models/ORC_Cavalry_Customizable.FBX,ORC_Units_Arms_B,Arms,,B,light/cloth tier,,Bip001 R Hand001,62.60,10.46,17.25,1.90,26,112
Orc,Orcs/models/ORC_Cavalry_Customizable.FBX,ORC_Units_Head_B,Head,,B,light/cloth tier,,Bip001 Head001,10.20,20.16,16.56,4.20,113,352
Orc,Orcs/models/ORC_Cavalry_Customizable.FBX,ORC_Units_Head_C,Head,,C,medium/leather tier,,Bip001 Head001,10.60,13.14,15.97,0.17,55,250
Orc,Orcs/models/ORC_Cavalry_Customizable.FBX,ORC_Units_Head_F,Head,,F,heavy/plate tier,,Bip001 Head001,19.25,21.67,15.85,3.44,143,456
Orc,Orcs/models/ORC_Cavalry_Customizable.FBX,ORC_Units_Head_G,Head,,G,heavy/plate tier,,Bip001 Head001,11.20,15.74,12.48,1.60,61,242
Orc,Orcs/models/ORC_Cavalry_Customizable.FBX,ORC_Units_Body_D,Body,,D,medium/leather tier,,Bip001 Spine001,44.58,14.76,42.65,2.50,90,380
Orc,Orcs/models/ORC_Cavalry_Customizable.FBX,ORC_Units_Head_D,Head,,D,medium/leather tier,,Bip001 Head001,15.48,13.14,12.40,0.17,67,282
Orc,Orcs/models/ORC_Cavalry_Customizable.FBX,ORC_Units_Head_E,Head,,E,medium/leather tier,,Bip001 Head001,10.60,16.60,16.04,1.90,113,352
Orc,Orcs/models/ORC_Cavalry_Customizable.FBX,ORC_Units_Shoulderpads_F,Shoulders,,F,heavy/plate tier,,Bip001 L Clavicle001,33.52,20.90,14.90,2.56,88,316
Orc,Orcs/models/ORC_Cavalry_Customizable.FBX,ORC_Units_Shoulderpads_E,Shoulders,,E,medium/leather tier,,Bip001 L Clavicle001,33.79,20.03,15.91,2.68,70,256
Orc,Orcs/models/ORC_Cavalry_Customizable.FBX,ORC_Units_Shoulderpads_D,Shoulders,,D,medium/leather tier,,Bip001 L Clavicle001,16.84,22.17,16.05,2.64,44,158
Orc,Orcs/models/ORC_Cavalry_Customizable.FBX,ORC_Units_Shoulderpads_A,Shoulders,,A,light/cloth tier,,Bip001 L Clavicle001,13.36,18.58,11.56,2.94,17,74
Orc,Orcs/models/ORC_Cavalry_Customizable.FBX,ORC_Units_Legs_A,Legs,,A,light/cloth tier,,Bip001 R Foot001,20.93,15.77,13.81,-0.60,34,144
Orc,Orcs/models/ORC_Cavalry_Customizable.FBX,ORC_Units_Body_G,Body,,G,heavy/plate tier,,Bip001 Spine001,44.58,17.98,53.66,0.94,119,516
Orc,Orcs/models/ORC_Characters_Customizable.FBX,ORC_weapon_Bow,Bow,bow,,,left,,60.33,3.78,12.64,-0.39,23,114
Orc,Orcs/models/ORC_Characters_Customizable.FBX,ORC_weapon_staff_A,Staff,staff,A,light/cloth tier,right,,68.61,7.24,8.69,0.07,21,84
Orc,Orcs/models/ORC_Characters_Customizable.FBX,ORC_weapon_staff_C,Staff,staff,C,medium/leather tier,right,,70.93,18.39,18.99,0.54,140,424
Orc,Orcs/models/ORC_Characters_Customizable.FBX,ORC_weapon_staff_B,Staff,staff,B,light/cloth tier,right,,71.09,10.70,11.81,1.00,80,278
Orc,Orcs/models/ORC_Characters_Customizable.FBX,ORC_Shield_A,Shield,shield,A,light/cloth tier,left,,5.60,21.00,21.42,-1.40,17,86
Orc,Orcs/models/ORC_Characters_Customizable.FBX,ORC_Shield_C,Shield,shield,C,medium/leather tier,left,,7.98,29.91,30.49,-1.72,17,86
Orc,Orcs/models/ORC_Characters_Customizable.FBX,ORC_Shield_B,Shield,shield,B,light/cloth tier,left,,5.20,36.31,22.85,0.54,17,58
Orc,Orcs/models/ORC_Characters_Customizable.FBX,ORC_Shield_D,Shield,shield,D,medium/leather tier,left,,9.35,47.65,26.23,-3.54,37,126
Orc,Orcs/models/ORC_Characters_Customizable.FBX,ORC_weapon_spear,Spear,spear,,,right,,77.68,3.72,7.28,-0.11,21,86
Orc,Orcs/models/ORC_Characters_Customizable.FBX,ORC_weapon_Hammer,Hammer,hammer,,,right,,31.75,5.99,12.97,0.01,18,56
Orc,Orcs/models/ORC_Characters_Customizable.FBX,ORC_weapon_Dagger,Dagger,dagger,,,right,,40.14,3.84,7.32,0.12,15,52
Orc,Orcs/models/ORC_Characters_Customizable.FBX,ORC_weapon_Axe_C,Axe,axe,C,medium/leather tier,right,,48.32,4.80,25.23,0.08,24,104
Orc,Orcs/models/ORC_Characters_Customizable.FBX,ORC_weapon_Sword_B,Sword,sword,B,light/cloth tier,right,,52.33,5.01,12.28,0.05,30,118
Orc,Orcs/models/ORC_Characters_Customizable.FBX,ORC_weapon_Axe_A,Axe,axe,A,light/cloth tier,right,,34.99,3.28,16.15,0.09,15,70
Orc,Orcs/models/ORC_Characters_Customizable.FBX,ORC_weapon_Mace_A,Mace,mace,A,light/cloth tier,right,,43.02,14.73,16.70,-0.15,50,238
Orc,Orcs/models/ORC_Characters_Customizable.FBX,ORC_weapon_Axe_B,Axe,axe,B,light/cloth tier,right,,40.53,4.20,11.39,0.08,22,84
Orc,Orcs/models/ORC_Characters_Customizable.FBX,ORC_weapon_Sword_A,Sword,sword,A,light/cloth tier,right,,52.67,4.05,11.05,0.10,23,100
Orc,Orcs/models/ORC_Characters_Customizable.FBX,ORC_Xtra_quiver,Quiver,quiver,,,,,10.99,7.83,37.10,-1.73,56,129
Orc,Orcs/models/ORC_Characters_Customizable.FBX,ORC_Units_Body_A,Body,,A,light/cloth tier,,Bip001 Spine,44.58,15.76,42.65,2.00,90,380
Orc,Orcs/models/ORC_Characters_Customizable.FBX,ORC_Units_Body_C,Body,,C,medium/leather tier,,Bip001 Spine,44.58,14.76,42.65,2.50,90,380
Orc,Orcs/models/ORC_Characters_Customizable.FBX,ORC_Xtra_Wood,Lumber,wood,,,,Bone_wood,31.82,28.51,21.77,-6.05,30,90
Orc,Orcs/models/ORC_Characters_Customizable.FBX,ORC_Xtra_Bag,Belt Bag,bag,,,,Bone_bag,20.28,31.38,23.16,5.32,33,162
Orc,Orcs/models/ORC_Characters_Customizable.FBX,ORC_Units_Body_B,Body,,B,light/cloth tier,,Bip001 Spine,44.58,14.96,42.65,2.39,90,380
Orc,Orcs/models/ORC_Characters_Customizable.FBX,ORC_Units_Body_F,Body,,F,heavy/plate tier,,Bip001 Spine,44.58,17.98,53.66,0.94,119,516
Orc,Orcs/models/ORC_Characters_Customizable.FBX,ORC_Units_Head_A,Head,,A,light/cloth tier,,Bip001 Head,10.02,11.87,10.41,-0.34,49,226
Orc,Orcs/models/ORC_Characters_Customizable.FBX,ORC_Units_Body_E,Body,,E,medium/leather tier,,Bip001 Spine,44.58,16.43,42.65,1.66,90,380
Orc,Orcs/models/ORC_Characters_Customizable.FBX,ORC_Units_Shoulderpads_C,Shoulders,,C,medium/leather tier,,Bip001 L Clavicle,33.35,20.27,14.03,2.70,34,148
Orc,Orcs/models/ORC_Characters_Customizable.FBX,ORC_Units_Head_H,Head,,H,heavy/plate tier,,Bip001 Head,10.62,16.58,13.07,2.02,59,238
Orc,Orcs/models/ORC_Characters_Customizable.FBX,ORC_Units_Shoulderpads_B,Shoulders,,B,light/cloth tier,,Bip001 L Clavicle,33.62,18.58,11.56,2.94,34,148
Orc,Orcs/models/ORC_Characters_Customizable.FBX,ORC_Units_Arms_C,Arms,,C,medium/leather tier,,Bip001 R Hand,62.60,10.46,17.25,1.90,26,112
Orc,Orcs/models/ORC_Characters_Customizable.FBX,ORC_Units_Legs_D,Legs,,D,medium/leather tier,,Bip001 R Foot,20.93,16.18,14.30,-0.80,34,144
Orc,Orcs/models/ORC_Characters_Customizable.FBX,ORC_Units_Legs_B,Legs,,B,light/cloth tier,,Bip001 R Foot,20.93,16.18,14.30,-0.80,34,144
Orc,Orcs/models/ORC_Characters_Customizable.FBX,ORC_Units_Arms_A,Arms,,A,light/cloth tier,,Bip001 R Hand,62.60,10.46,17.25,1.90,26,112
Orc,Orcs/models/ORC_Characters_Customizable.FBX,ORC_Units_Legs_C,Legs,,C,medium/leather tier,,Bip001 R Foot,20.93,16.18,14.30,-0.80,34,144
Orc,Orcs/models/ORC_Characters_Customizable.FBX,ORC_Units_Arms_B,Arms,,B,light/cloth tier,,Bip001 R Hand,62.60,10.46,17.25,1.90,26,112
Orc,Orcs/models/ORC_Characters_Customizable.FBX,ORC_Units_Head_B,Head,,B,light/cloth tier,,Bip001 Head,10.20,20.16,16.56,4.20,113,352
Orc,Orcs/models/ORC_Characters_Customizable.FBX,ORC_Units_Head_C,Head,,C,medium/leather tier,,Bip001 Head,10.60,13.14,15.97,0.17,55,250
Orc,Orcs/models/ORC_Characters_Customizable.FBX,ORC_Units_Head_F,Head,,F,heavy/plate tier,,Bip001 Head,19.25,21.67,15.85,3.44,143,456
Orc,Orcs/models/ORC_Characters_Customizable.FBX,ORC_Units_Head_G,Head,,G,heavy/plate tier,,Bip001 Head,12.42,15.74,12.48,1.60,61,242
Orc,Orcs/models/ORC_Characters_Customizable.FBX,ORC_Units_Body_D,Body,,D,medium/leather tier,,Bip001 Spine,44.58,14.76,42.65,2.50,90,380
Orc,Orcs/models/ORC_Characters_Customizable.FBX,ORC_Units_Head_D,Head,,D,medium/leather tier,,Bip001 Head,15.48,13.14,12.40,0.17,67,282
Orc,Orcs/models/ORC_Characters_Customizable.FBX,ORC_Units_Head_E,Head,,E,medium/leather tier,,Bip001 Head,10.60,16.60,16.04,1.90,113,352
Orc,Orcs/models/ORC_Characters_Customizable.FBX,ORC_Units_Shoulderpads_F,Shoulders,,F,heavy/plate tier,,Bip001 L Clavicle,33.52,20.90,14.90,2.56,88,316
Orc,Orcs/models/ORC_Characters_Customizable.FBX,ORC_Units_Shoulderpads_E,Shoulders,,E,medium/leather tier,,Bip001 L Clavicle,33.79,20.03,15.91,2.68,70,256
Orc,Orcs/models/ORC_Characters_Customizable.FBX,ORC_Units_Shoulderpads_D,Shoulders,,D,medium/leather tier,,Bip001 L Clavicle,16.84,22.17,16.05,2.64,44,158
Orc,Orcs/models/ORC_Characters_Customizable.FBX,ORC_Units_Shoulderpads_A,Shoulders,,A,light/cloth tier,,Bip001 L Clavicle,13.36,18.58,11.56,2.94,17,74
Orc,Orcs/models/ORC_Characters_Customizable.FBX,ORC_Units_Legs_A,Legs,,A,light/cloth tier,,Bip001 R Foot,20.93,15.77,13.81,-0.60,34,144
Orc,Orcs/models/ORC_Characters_Customizable.FBX,ORC_Units_Body_G,Body,,G,heavy/plate tier,,Bip001 Spine,44.58,17.98,53.66,0.94,119,516
Orc,Orcs/models/extra_models/Equipment/ORC_Shield_D.FBX,ORC_Shield_D,Shield,shield,D,medium/leather tier,left,,9.35,47.65,26.23,-3.54,37,126
Orc,Orcs/models/extra_models/Equipment/ORC_weapon_Axe_A.FBX,ORC_weapon_Axe_A,Axe,axe,A,light/cloth tier,right,,34.99,3.28,16.15,0.09,15,70
Orc,Orcs/models/extra_models/Equipment/ORC_weapon_staff_B.FBX,ORC_weapon_staff_B,Staff,staff,B,light/cloth tier,right,,71.09,10.70,11.81,1.00,80,278
Undead,Undead/models/UD_Cavalry_customizable.FBX,UD_Horse,Creature,horse,,,,Bip001 Spine,22.72,85.08,66.94,-7.38,204,936
Undead,Undead/models/UD_Cavalry_customizable.FBX,UD_weapon_staff_C,Staff,staff,C,medium/leather tier,right,,75.53,9.51,9.38,0.37,25,106
Undead,Undead/models/UD_Cavalry_customizable.FBX,UD_weapon_Bow,Bow,bow,,,left,,60.33,3.05,12.00,-0.39,23,114
Undead,Undead/models/UD_Cavalry_customizable.FBX,UD_weapon_staff_D,Staff,staff,D,medium/leather tier,right,,76.67,20.60,11.38,0.94,75,298
Undead,Undead/models/UD_Cavalry_customizable.FBX,UD_weapon_staff_A,Staff,staff,A,light/cloth tier,right,,69.15,5.62,5.77,0.62,16,58
Undead,Undead/models/UD_Cavalry_customizable.FBX,UD_weapon_staff_B,Staff,staff,B,light/cloth tier,right,,75.76,8.40,15.13,0.04,106,308
Undead,Undead/models/UD_Cavalry_customizable.FBX,UD_Shield_A,Shield,shield,A,light/cloth tier,left,,5.60,21.00,21.42,-2.61,17,86
Undead,Undead/models/UD_Cavalry_customizable.FBX,UD_Shield_B,Shield,shield,B,light/cloth tier,left,,3.52,32.84,19.18,0.33,20,72
Undead,Undead/models/UD_Cavalry_customizable.FBX,UD_Shield_C,Shield,shield,C,medium/leather tier,left,,9.02,39.47,27.49,2.72,26,112
Undead,Undead/models/UD_Cavalry_customizable.FBX,UD_weapon_Hammer,Hammer,hammer,,,right,,28.15,4.48,11.87,-0.01,18,56
Undead,Undead/models/UD_Cavalry_customizable.FBX,UD_weapon_Axe_A,Axe,axe,A,light/cloth tier,right,,34.72,3.21,13.68,-0.04,21,78
Undead,Undead/models/UD_Cavalry_customizable.FBX,UD_weapon_Axe_B,Axe,axe,B,light/cloth tier,right,,47.31,4.26,13.37,0.00,32,140
Undead,Undead/models/UD_Cavalry_customizable.FBX,UD_weapon_Spear,Spear,spear,,,right,,76.86,2.80,6.64,-0.10,21,86
Undead,Undead/models/UD_Cavalry_customizable.FBX,UD_weapon_Sword_A,Sword,sword,A,light/cloth tier,right,,43.51,3.72,7.45,0.14,12,48
Undead,Undead/models/UD_Cavalry_customizable.FBX,UD_weapon_Sword_B,Sword,sword,B,light/cloth tier,right,,46.52,2.71,8.81,-0.07,15,70
Undead,Undead/models/UD_Cavalry_customizable.FBX,UD_weapon_Sword_C,Sword,sword,C,medium/leather tier,right,,57.12,3.29,17.30,0.19,28,104
Undead,Undead/models/UD_Cavalry_customizable.FBX,UD_weapon_lance,Lance,lance,,,right,,100.49,9.44,10.90,0.01,37,140
Undead,Undead/models/UD_Cavalry_customizable.FBX,UD_Xtra_Quiver,Quiver,quiver,,,,,10.99,7.22,36.62,-1.54,56,129
Undead,Undead/models/UD_Cavalry_customizable.FBX,UD_Units_body_G,Body,,G,heavy/plate tier,,Bip001 Spine001,37.49,19.36,53.71,0.54,119,508
Undead,Undead/models/UD_Cavalry_customizable.FBX,UD_Units_body_C,Body,,C,medium/leather tier,,Bip001 Pelvis001,36.13,12.42,39.09,1.79,86,354
Undead,Undead/models/UD_Cavalry_customizable.FBX,UD_Units_body_F,Body,,F,heavy/plate tier,,Bip001 Pelvis001,36.13,14.23,39.53,1.75,86,350
Undead,Undead/models/UD_Cavalry_customizable.FBX,UD_Units_body_D,Body,,D,medium/leather tier,,Bip001 Pelvis001,39.11,12.01,43.27,2.91,84,346
Undead,Undead/models/UD_Cavalry_customizable.FBX,UD_Units_shoulderpads_A,Shoulders,,A,light/cloth tier,,Bip001 R Clavicle001,26.68,14.91,9.73,3.00,34,148
Undead,Undead/models/UD_Cavalry_customizable.FBX,UD_Units_body_A,Body,,A,light/cloth tier,,Bip001 Spine001,36.13,13.27,39.62,1.76,77,316
Undead,Undead/models/UD_Cavalry_customizable.FBX,UD_Units_body_B,Body,,B,light/cloth tier,,Bip001 Spine001,36.13,15.21,39.62,1.93,95,400
Undead,Undead/models/UD_Cavalry_customizable.FBX,UD_Units_head_D,Head,,D,medium/leather tier,,Bip001 Head001,17.83,12.52,12.44,0.67,73,318
Undead,Undead/models/UD_Cavalry_customizable.FBX,UD_Units_arms_D,Arms,,D,medium/leather tier,,Bip001 R Forearm001,60.92,10.84,16.85,2.09,42,164
Undead,Undead/models/UD_Cavalry_customizable.FBX,UD_Units_legs_D,Legs,,D,medium/leather tier,,Bip001 R Foot001,20.93,16.18,15.65,-0.80,34,140
Undead,Undead/models/UD_Cavalry_customizable.FBX,UD_Units_shoulderpads_B,Shoulders,,B,light/cloth tier,,Bip001 R Clavicle001,33.34,17.99,14.80,2.07,34,148
Undead,Undead/models/UD_Cavalry_customizable.FBX,UD_Units_head_F,Head,,F,heavy/plate tier,,Bip001 Head001,9.30,13.55,12.47,0.63,38,156
Undead,Undead/models/UD_Cavalry_customizable.FBX,UD_Units_arms_B,Arms,,B,light/cloth tier,,Bip001 R Forearm001,60.87,9.40,15.88,1.87,42,164
Undead,Undead/models/UD_Cavalry_customizable.FBX,UD_Units_legs_B,Legs,,B,light/cloth tier,,Bip001 R Calf001,20.08,15.69,15.41,-1.19,50,192
Undead,Undead/models/UD_Cavalry_customizable.FBX,UD_Units_head_L,Head,,L,heavy/plate tier,,Bip001 Head001,8.21,14.54,19.86,0.26,48,224
Undead,Undead/models/UD_Cavalry_customizable.FBX,UD_Units_arms_E,Arms,,E,medium/leather tier,,Bip001 R Forearm001,60.89,9.13,15.40,1.65,42,168
Undead,Undead/models/UD_Cavalry_customizable.FBX,UD_Units_arms_C,Arms,,C,medium/leather tier,,Bip001 R Hand001,60.88,9.22,15.62,1.49,28,128
Undead,Undead/models/UD_Cavalry_customizable.FBX,UD_Units_legs_C,Legs,,C,medium/leather tier,,Bip001 R Calf001,20.49,14.49,15.25,-1.65,46,194
Undead,Undead/models/UD_Cavalry_customizable.FBX,UD_Units_arms_A,Arms,,A,light/cloth tier,,Bip001 R Forearm001,61.25,8.44,16.18,1.14,42,172
Undead,Undead/models/UD_Cavalry_customizable.FBX,UD_Units_legs_A,Legs,,A,light/cloth tier,,Bip001 R Calf001,20.77,14.67,15.26,-0.44,40,156
Undead,Undead/models/UD_Cavalry_customizable.FBX,UD_Units_head_A,Head,,A,light/cloth tier,,Bip001 Head001,7.53,11.28,10.80,0.33,26,124
Undead,Undead/models/UD_Cavalry_customizable.FBX,UD_Units_head_B,Head,,B,light/cloth tier,,Bip001 Head001,7.98,12.07,12.40,0.32,43,182
Undead,Undead/models/UD_Cavalry_customizable.FBX,UD_Units_head_H,Head,,H,heavy/plate tier,,Bip001 Head001,6.82,10.19,9.91,0.31,26,124
Undead,Undead/models/UD_Cavalry_customizable.FBX,UD_Units_head_I,Head,,I,heavy/plate tier,,Bip001 Head001,7.98,12.04,12.58,0.35,44,182
Undead,Undead/models/UD_Cavalry_customizable.FBX,UD_Units_head_K,Head,,K,heavy/plate tier,,Bip001 Head001,9.67,12.52,12.69,1.23,38,162
Undead,Undead/models/UD_Cavalry_customizable.FBX,UD_Units_head_C,Head,,C,medium/leather tier,,Bip001 Head001,7.87,12.52,13.07,0.67,45,210
Undead,Undead/models/UD_Cavalry_customizable.FBX,UD_Units_head_E,Head,,E,medium/leather tier,,Bip001 Head001,20.88,14.99,16.81,1.57,135,424
Undead,Undead/models/UD_Cavalry_customizable.FBX,UD_Units_body_E,Body,,E,medium/leather tier,,Bip001 Pelvis001,39.11,12.71,43.27,2.56,84,338
Undead,Undead/models/UD_Cavalry_customizable.FBX,UD_Units_head_G,Head,,G,heavy/plate tier,,Bip001 Head001,9.30,13.85,13.35,0.79,38,156
Undead,Undead/models/UD_Cavalry_customizable.FBX,UD_Units_head_M,Head,,M,heavy/plate tier,,Bip001 Head001,20.61,14.54,23.80,0.26,74,312
Undead,Undead/models/UD_Cavalry_customizable.FBX,UD_Units_head_J,Head,,J,heavy/plate tier,,Bip001 Head001,9.30,13.55,12.47,0.63,39,162
Undead,Undead/models/UD_Cavalry_customizable.FBX,UD_Units_shoulderpads_C,Shoulders,,C,medium/leather tier,,Bip001 R Clavicle001,31.03,15.39,10.34,2.76,34,148
Undead,Undead/models/UD_Characters_customizable.FBX,UD_weapon_staff_C,Staff,staff,C,medium/leather tier,right,,75.53,9.51,9.38,0.37,25,106
Undead,Undead/models/UD_Characters_customizable.FBX,UD_weapon_Bow,Bow,bow,,,left,,60.33,3.05,12.00,-0.39,23,114
Undead,Undead/models/UD_Characters_customizable.FBX,UD_weapon_staff_D,Staff,staff,D,medium/leather tier,right,,76.67,20.60,11.38,0.94,75,298
Undead,Undead/models/UD_Characters_customizable.FBX,UD_weapon_staff_A,Staff,staff,A,light/cloth tier,right,,69.15,5.62,5.77,0.62,16,58
Undead,Undead/models/UD_Characters_customizable.FBX,UD_weapon_staff_B,Staff,staff,B,light/cloth tier,right,,75.76,8.40,15.13,0.04,106,308
Undead,Undead/models/UD_Characters_customizable.FBX,UD_Shield_A,Shield,shield,A,light/cloth tier,left,,5.60,21.00,21.42,-2.61,17,86
Undead,Undead/models/UD_Characters_customizable.FBX,UD_Shield_B,Shield,shield,B,light/cloth tier,left,,3.52,32.84,19.18,0.33,20,72
Undead,Undead/models/UD_Characters_customizable.FBX,UD_Shield_C,Shield,shield,C,medium/leather tier,left,,9.02,39.47,27.49,2.72,26,112
Undead,Undead/models/UD_Characters_customizable.FBX,UD_weapon_Hammer,Hammer,hammer,,,right,,28.15,4.48,11.87,-0.01,18,56
Undead,Undead/models/UD_Characters_customizable.FBX,UD_weapon_Axe_A,Axe,axe,A,light/cloth tier,right,,34.72,3.21,13.68,-0.04,21,78
Undead,Undead/models/UD_Characters_customizable.FBX,UD_weapon_Axe_B,Axe,axe,B,light/cloth tier,right,,47.31,4.26,13.37,0.00,32,140
Undead,Undead/models/UD_Characters_customizable.FBX,UD_weapon_Spear,Spear,spear,,,right,,76.86,2.80,6.64,-0.10,21,86
Undead,Undead/models/UD_Characters_customizable.FBX,UD_weapon_Sword_A,Sword,sword,A,light/cloth tier,right,,43.51,3.72,7.45,0.14,12,48
Undead,Undead/models/UD_Characters_customizable.FBX,UD_weapon_Sword_B,Sword,sword,B,light/cloth tier,right,,46.52,2.71,8.81,-0.07,15,70
Undead,Undead/models/UD_Characters_customizable.FBX,UD_weapon_Sword_C,Sword,sword,C,medium/leather tier,right,,57.12,3.29,17.30,0.19,28,104
Undead,Undead/models/UD_Characters_customizable.FBX,UD_Xtra_Wood,Lumber,wood,,,,,33.86,29.57,17.79,-7.46,30,90
Undead,Undead/models/UD_Characters_customizable.FBX,UD_Xtra_Bag,Belt Bag,bag,,,,,20.86,32.29,23.83,5.48,33,162
Undead,Undead/models/UD_Characters_customizable.FBX,UD_Xtra_Quiver,Quiver,quiver,,,,,10.99,7.22,36.62,-1.54,56,129
Undead,Undead/models/UD_Characters_customizable.FBX,UD_Units_body_G,Body,,G,heavy/plate tier,,Bip001 Spine,37.49,19.36,53.71,0.54,119,508
Undead,Undead/models/UD_Characters_customizable.FBX,UD_Units_body_C,Body,,C,medium/leather tier,,Bip001 Pelvis,36.13,12.42,39.09,1.79,86,354
Undead,Undead/models/UD_Characters_customizable.FBX,UD_Units_body_F,Body,,F,heavy/plate tier,,Bip001 Pelvis,36.13,14.23,39.53,1.75,86,350
Undead,Undead/models/UD_Characters_customizable.FBX,UD_Units_body_D,Body,,D,medium/leather tier,,Bip001 Pelvis,39.11,12.01,43.27,2.91,84,346
Undead,Undead/models/UD_Characters_customizable.FBX,UD_Units_shoulderpads_A,Shoulders,,A,light/cloth tier,,Bip001 R Clavicle,26.68,14.91,9.73,3.00,34,148
Undead,Undead/models/UD_Characters_customizable.FBX,UD_Units_body_A,Body,,A,light/cloth tier,,Bip001 Spine,36.13,13.27,39.62,1.76,77,316
Undead,Undead/models/UD_Characters_customizable.FBX,UD_Units_body_B,Body,,B,light/cloth tier,,Bip001 Spine,36.13,15.21,39.62,1.93,95,400
Undead,Undead/models/UD_Characters_customizable.FBX,UD_Units_head_D,Head,,D,medium/leather tier,,Bip001 Head,17.83,12.52,12.44,0.67,73,318
Undead,Undead/models/UD_Characters_customizable.FBX,UD_Units_arms_D,Arms,,D,medium/leather tier,,Bip001 R Forearm,60.92,10.84,16.85,2.09,42,164
Undead,Undead/models/UD_Characters_customizable.FBX,UD_Units_legs_D,Legs,,D,medium/leather tier,,Bip001 R Foot,20.93,16.18,15.65,-0.80,34,140
Undead,Undead/models/UD_Characters_customizable.FBX,UD_Units_shoulderpads_B,Shoulders,,B,light/cloth tier,,Bip001 R Clavicle,33.34,17.99,14.80,2.07,34,148
Undead,Undead/models/UD_Characters_customizable.FBX,UD_Units_head_F,Head,,F,heavy/plate tier,,Bip001 Head,9.30,13.55,12.47,0.63,38,156
Undead,Undead/models/UD_Characters_customizable.FBX,UD_Units_arms_B,Arms,,B,light/cloth tier,,Bip001 R Forearm,60.87,9.40,15.88,1.87,42,164
Undead,Undead/models/UD_Characters_customizable.FBX,UD_Units_legs_B,Legs,,B,light/cloth tier,,Bip001 R Calf,20.08,15.69,15.41,-1.19,50,192
Undead,Undead/models/UD_Characters_customizable.FBX,UD_Units_head_L,Head,,L,heavy/plate tier,,Bip001 Head,8.21,14.54,19.86,0.26,48,224
Undead,Undead/models/UD_Characters_customizable.FBX,UD_Units_arms_E,Arms,,E,medium/leather tier,,Bip001 R Forearm,60.89,9.13,15.40,1.65,42,168
Undead,Undead/models/UD_Characters_customizable.FBX,UD_Units_arms_C,Arms,,C,medium/leather tier,,Bip001 R Hand,60.88,9.22,15.62,1.49,28,128
Undead,Undead/models/UD_Characters_customizable.FBX,UD_Units_legs_C,Legs,,C,medium/leather tier,,Bip001 R Calf,20.49,14.49,15.25,-1.65,46,194
Undead,Undead/models/UD_Characters_customizable.FBX,UD_Units_arms_A,Arms,,A,light/cloth tier,,Bip001 R Forearm,61.25,8.44,16.18,1.14,42,172
Undead,Undead/models/UD_Characters_customizable.FBX,UD_Units_legs_A,Legs,,A,light/cloth tier,,Bip001 R Calf,20.77,14.67,15.26,-0.44,40,156
Undead,Undead/models/UD_Characters_customizable.FBX,UD_Units_head_A,Head,,A,light/cloth tier,,Bip001 Head,7.53,11.28,10.80,0.33,26,124
Undead,Undead/models/UD_Characters_customizable.FBX,UD_Units_head_B,Head,,B,light/cloth tier,,Bip001 Head,7.98,12.07,12.40,0.32,43,182
Undead,Undead/models/UD_Characters_customizable.FBX,UD_Units_head_H,Head,,H,heavy/plate tier,,Bip001 Head,6.82,10.19,9.91,0.31,26,124
Undead,Undead/models/UD_Characters_customizable.FBX,UD_Units_head_I,Head,,I,heavy/plate tier,,Bip001 Head,7.98,12.04,12.58,0.35,44,182
Undead,Undead/models/UD_Characters_customizable.FBX,UD_Units_head_K,Head,,K,heavy/plate tier,,Bip001 Head,9.67,12.52,12.69,1.23,38,162
Undead,Undead/models/UD_Characters_customizable.FBX,UD_Units_head_C,Head,,C,medium/leather tier,,Bip001 Head,7.87,12.52,13.07,0.67,45,210
Undead,Undead/models/UD_Characters_customizable.FBX,UD_Units_head_E,Head,,E,medium/leather tier,,Bip001 Head,20.88,14.99,16.81,1.57,135,424
Undead,Undead/models/UD_Characters_customizable.FBX,UD_Units_body_E,Body,,E,medium/leather tier,,Bip001 Pelvis,39.11,12.71,43.27,2.56,84,338
Undead,Undead/models/UD_Characters_customizable.FBX,UD_Units_head_G,Head,,G,heavy/plate tier,,Bip001 Head,9.30,13.85,13.35,0.79,38,156
Undead,Undead/models/UD_Characters_customizable.FBX,UD_Units_head_M,Head,,M,heavy/plate tier,,Bip001 Head,20.61,14.54,23.80,0.26,74,312
Undead,Undead/models/UD_Characters_customizable.FBX,UD_Units_head_J,Head,,J,heavy/plate tier,,Bip001 Head,9.30,13.55,12.47,0.63,39,162
Undead,Undead/models/UD_Characters_customizable.FBX,UD_Units_shoulderpads_C,Shoulders,,C,medium/leather tier,,Bip001 R Clavicle,31.03,15.39,10.34,2.76,34,148
Undead,Undead/models/extra_models/Equipment/UD_Shield_C.FBX,UD_Shield_C,Shield,shield,C,medium/leather tier,left,,9.02,39.47,27.49,2.72,26,112
Undead,Undead/models/extra_models/Equipment/UD_weapon_Spear.FBX,UD_weapon_Spear,Spear,spear,,,right,,76.86,2.80,6.64,-0.10,21,86
Undead,Undead/models/extra_models/Equipment/UD_weapon_Sword_C.FBX,UD_weapon_Sword_C,Sword,sword,C,medium/leather tier,right,,57.12,3.29,17.30,0.19,28,104
Undead,Undead/models/extra_models/Equipment/UD_weapon_staff_B.FBX,UD_weapon_staff_B,Staff,staff,B,light/cloth tier,right,,75.76,8.40,15.13,0.04,106,308
Human,WesternKingdoms/models/WK_Catapult.FBX,WK_Catapult_rock,Projectile,,,,,,20.13,22.00,17.98,46.71,22,108
Human,WesternKingdoms/models/WK_Catapult.FBX,WK_Catapult,Engine,,,,,Bone_body_A,73.83,115.38,64.63,1.28,368,1758
Human,WesternKingdoms/models/WK_Cavalry_customizable.FBX,WK_Horse,Creature,horse,,,,Bip001 Head,26.38,85.61,67.16,-7.64,174,794
Human,WesternKingdoms/models/WK_Cavalry_customizable.FBX,WK_weapon_staff_A,Staff,staff,A,light/cloth tier,right,,69.58,6.30,6.61,0.62,21,82
Human,WesternKingdoms/models/WK_Cavalry_customizable.FBX,WK_weapon_staff_B,Staff,staff,B,light/cloth tier,right,,75.07,15.43,7.89,0.33,42,176
Human,WesternKingdoms/models/WK_Cavalry_customizable.FBX,WK_weapon_staff_C,Staff,staff,C,medium/leather tier,right,,73.88,10.32,9.38,0.14,25,106
Human,WesternKingdoms/models/WK_Cavalry_customizable.FBX,WK_weapon_Bow,Bow,bow,,,left,,60.33,3.05,12.00,-0.39,23,114
Human,WesternKingdoms/models/WK_Cavalry_customizable.FBX,WK_Shield_A,Shield,shield,A,light/cloth tier,left,,5.60,21.00,21.42,-2.61,17,86
Human,WesternKingdoms/models/WK_Cavalry_customizable.FBX,WK_Shield_C,Shield,shield,C,medium/leather tier,left,,3.52,32.84,19.18,0.33,20,72
Human,WesternKingdoms/models/WK_Cavalry_customizable.FBX,WK_Shield_B,Shield,shield,B,light/cloth tier,left,,5.36,34.14,20.54,0.18,27,110
Human,WesternKingdoms/models/WK_Cavalry_customizable.FBX,WK_Shield_D,Shield,shield,D,medium/leather tier,left,,7.46,41.10,24.83,1.46,17,70
Human,WesternKingdoms/models/WK_Cavalry_customizable.FBX,WK_weapon_spear,Spear,spear,,,right,,76.86,2.80,6.64,-0.10,21,86
Human,WesternKingdoms/models/WK_Cavalry_customizable.FBX,WK_weapon_sword_A,Sword,sword,A,light/cloth tier,right,,43.25,2.67,10.48,-0.02,17,70
Human,WesternKingdoms/models/WK_Cavalry_customizable.FBX,WK_weapon_hammer_B,Hammer,hammer,B,light/cloth tier,right,,41.40,5.59,13.62,-0.40,23,84
Human,WesternKingdoms/models/WK_Cavalry_customizable.FBX,WK_weapon_pick,Pick,pick,,,right,,30.66,4.76,26.69,-0.41,17,74
Human,WesternKingdoms/models/WK_Cavalry_customizable.FBX,WK_weapon_sword_B,Sword,sword,B,light/cloth tier,right,,46.00,3.53,12.31,-0.09,17,70
Human,WesternKingdoms/models/WK_Cavalry_customizable.FBX,WK_weapon_axe_B,Axe,axe,B,light/cloth tier,right,,42.66,4.51,18.85,-0.12,28,98
Human,WesternKingdoms/models/WK_Cavalry_customizable.FBX,WK_weapon_lance,Lance,lance,,,right,,101.31,9.44,10.90,0.01,45,176
Human,WesternKingdoms/models/WK_Cavalry_customizable.FBX,WK_weapon_hammer_A,Hammer,hammer,A,light/cloth tier,right,,28.18,4.48,11.87,-0.05,18,56
Human,WesternKingdoms/models/WK_Cavalry_customizable.FBX,WK_weapon_axe_A,Axe,axe,A,light/cloth tier,right,,34.53,3.21,13.68,-0.16,21,78
Human,WesternKingdoms/models/WK_Cavalry_customizable.FBX,WK_Xtra_quiver,Quiver,quiver,,,,,10.99,8.99,36.66,-2.43,56,129
Human,WesternKingdoms/models/WK_Cavalry_customizable.FBX,WK_Units_Body_A,Body,,A,light/cloth tier,,Bip001 Spine001,43.15,13.68,41.28,1.06,88,352
Human,WesternKingdoms/models/WK_Cavalry_customizable.FBX,WK_Units_Body_B,Body,,B,light/cloth tier,,Bip001 Spine001,43.15,13.74,42.48,1.99,92,364
Human,WesternKingdoms/models/WK_Cavalry_customizable.FBX,WK_Units_Body_D,Body,,D,medium/leather tier,,Bip001 Spine001,43.15,16.39,41.33,0.67,88,344
Human,WesternKingdoms/models/WK_Cavalry_customizable.FBX,WK_Units_Body_C,Body,,C,medium/leather tier,,Bip001 Spine001,43.15,13.74,42.48,1.99,92,364
Human,WesternKingdoms/models/WK_Cavalry_customizable.FBX,WK_Units_shoulderpads_A,Shoulders,,A,light/cloth tier,,Bip001 R Clavicle001,31.19,17.99,14.34,2.07,34,148
Human,WesternKingdoms/models/WK_Cavalry_customizable.FBX,WK_Units_head_C,Head,,C,medium/leather tier,,Bip001 Head001,10.57,18.79,17.02,2.38,84,226
Human,WesternKingdoms/models/WK_Cavalry_customizable.FBX,WK_Units_head_B,Head,,B,light/cloth tier,,Bip001 Head001,7.60,12.38,11.99,0.68,47,200
Human,WesternKingdoms/models/WK_Cavalry_customizable.FBX,WK_Units_head_A,Head,,A,light/cloth tier,,Bip001 Head001,7.33,11.34,11.19,0.76,31,154
Human,WesternKingdoms/models/WK_Cavalry_customizable.FBX,WK_Units_Legs_A,Legs,,A,light/cloth tier,,Bip001 R Foot001,20.35,15.66,14.09,-1.04,36,156
Human,WesternKingdoms/models/WK_Cavalry_customizable.FBX,WK_Units_Arms_A,Arms,,A,light/cloth tier,,Bip001 R Hand001,60.30,8.25,15.42,1.96,26,112
Human,WesternKingdoms/models/WK_Cavalry_customizable.FBX,WK_Units_Legs_B,Legs,,B,light/cloth tier,,Bip001 R Foot001,20.93,16.18,14.30,-0.80,34,140
Human,WesternKingdoms/models/WK_Cavalry_customizable.FBX,WK_Units_Arms_B,Arms,,B,light/cloth tier,,Bip001 L Hand001,60.89,10.46,15.96,1.90,26,112
Human,WesternKingdoms/models/WK_Cavalry_customizable.FBX,WK_Units_Legs_C,Legs,,C,medium/leather tier,,Bip001 R Foot001,20.93,17.01,16.02,-1.22,36,192
Human,WesternKingdoms/models/WK_Cavalry_customizable.FBX,WK_Units_Arms_C,Arms,,C,medium/leather tier,,Bip001 R Hand001,60.68,11.34,16.26,2.42,26,112
Human,WesternKingdoms/models/WK_Cavalry_customizable.FBX,WK_Units_Body_E,Body,,E,medium/leather tier,,Bip001 Spine001,39.96,19.36,53.71,0.54,119,506
Human,WesternKingdoms/models/WK_Cavalry_customizable.FBX,WK_Units_head_E,Head,,E,medium/leather tier,,Bip001 Head001,8.63,12.37,17.45,-0.06,37,190
Human,WesternKingdoms/models/WK_Cavalry_customizable.FBX,WK_Units_Arms_D,Arms,,D,medium/leather tier,,Bip001 R Hand001,60.30,8.25,15.42,1.96,26,112
Human,WesternKingdoms/models/WK_Cavalry_customizable.FBX,WK_Units_head_D,Head,,D,medium/leather tier,,Bip001 Head001,17.03,12.38,14.54,0.83,46,192
Human,WesternKingdoms/models/WK_Cavalry_customizable.FBX,WK_Units_head_H,Head,,H,heavy/plate tier,,Bip001 Head001,10.03,13.52,18.74,0.52,48,212
Human,WesternKingdoms/models/WK_Cavalry_customizable.FBX,WK_Units_head_G,Head,,G,heavy/plate tier,,Bip001 Head001,10.03,13.52,18.39,0.52,48,212
Human,WesternKingdoms/models/WK_Cavalry_customizable.FBX,WK_Units_head_F,Head,,F,heavy/plate tier,,Bip001 Head001,20.70,19.65,21.43,-0.49,52,244
Human,WesternKingdoms/models/WK_Cavalry_customizable.FBX,WK_Units_shoulderpads_B,Shoulders,,B,light/cloth tier,,Bip001 R Clavicle001,28.59,15.48,10.10,2.30,34,148
Human,WesternKingdoms/models/WK_Cavalry_customizable.FBX,WK_Units_head_I,Head,,I,heavy/plate tier,,Bip001 Head001,10.03,13.13,12.59,0.71,44,188
Human,WesternKingdoms/models/WK_Cavalry_customizable.FBX,WK_horse_Seat,Saddle,,,,,Bip001 Spine,24.15,15.36,20.55,1.42,19,90
Human,WesternKingdoms/models/WK_Characters_customizable.FBX,WK_weapon_staff_A,Staff,staff,A,light/cloth tier,right,,69.58,6.30,6.61,0.62,21,82
Human,WesternKingdoms/models/WK_Characters_customizable.FBX,WK_weapon_staff_B,Staff,staff,B,light/cloth tier,right,,75.07,15.43,7.89,0.33,42,176
Human,WesternKingdoms/models/WK_Characters_customizable.FBX,WK_weapon_staff_C,Staff,staff,C,medium/leather tier,right,,73.88,10.32,9.38,0.14,25,106
Human,WesternKingdoms/models/WK_Characters_customizable.FBX,WK_weapon_Bow,Bow,bow,,,left,,60.33,3.05,12.00,-0.39,23,114
Human,WesternKingdoms/models/WK_Characters_customizable.FBX,WK_Shield_A,Shield,shield,A,light/cloth tier,left,,5.60,21.00,21.42,-2.61,17,86
Human,WesternKingdoms/models/WK_Characters_customizable.FBX,WK_Shield_C,Shield,shield,C,medium/leather tier,left,,3.52,32.84,19.18,0.33,20,72
Human,WesternKingdoms/models/WK_Characters_customizable.FBX,WK_Shield_B,Shield,shield,B,light/cloth tier,left,,5.36,34.14,20.54,0.18,27,110
Human,WesternKingdoms/models/WK_Characters_customizable.FBX,WK_Shield_D,Shield,shield,D,medium/leather tier,left,,7.46,41.10,24.83,1.46,17,70
Human,WesternKingdoms/models/WK_Characters_customizable.FBX,WK_weapon_spear,Spear,spear,,,right,,76.86,2.80,6.64,-0.10,21,86
Human,WesternKingdoms/models/WK_Characters_customizable.FBX,WK_weapon_sword_A,Sword,sword,A,light/cloth tier,right,,43.25,2.67,10.48,-0.02,17,70
Human,WesternKingdoms/models/WK_Characters_customizable.FBX,WK_weapon_hammer_B,Hammer,hammer,B,light/cloth tier,right,,41.40,5.59,13.62,-0.40,23,84
Human,WesternKingdoms/models/WK_Characters_customizable.FBX,WK_weapon_pick,Pick,pick,,,right,,30.66,4.76,26.69,-0.41,17,74
Human,WesternKingdoms/models/WK_Characters_customizable.FBX,WK_weapon_sword_B,Sword,sword,B,light/cloth tier,right,,46.00,3.53,12.31,-0.09,17,70
Human,WesternKingdoms/models/WK_Characters_customizable.FBX,WK_weapon_axe_B,Axe,axe,B,light/cloth tier,right,,42.66,4.51,18.85,-0.12,28,98
Human,WesternKingdoms/models/WK_Characters_customizable.FBX,WK_weapon_hammer_A,Hammer,hammer,A,light/cloth tier,right,,28.18,4.48,11.87,-0.05,18,56
Human,WesternKingdoms/models/WK_Characters_customizable.FBX,WK_weapon_axe_A,Axe,axe,A,light/cloth tier,right,,34.53,3.21,13.68,-0.16,21,78
Human,WesternKingdoms/models/WK_Characters_customizable.FBX,WK_Xtra_wood,Lumber,wood,,,,,33.86,29.57,17.79,-7.46,30,90
Human,WesternKingdoms/models/WK_Characters_customizable.FBX,WK_Xtra_bag,Belt Bag,bag,,,,,20.86,32.29,23.83,5.48,33,162
Human,WesternKingdoms/models/WK_Characters_customizable.FBX,WK_Xtra_quiver,Quiver,quiver,,,,,10.99,8.99,36.66,-2.43,56,129
Human,WesternKingdoms/models/WK_Characters_customizable.FBX,WK_Units_Body_A,Body,,A,light/cloth tier,,Bip001 Spine,43.15,13.68,41.28,1.06,88,352
Human,WesternKingdoms/models/WK_Characters_customizable.FBX,WK_Units_Body_B,Body,,B,light/cloth tier,,Bip001 Spine,43.15,13.74,42.48,1.99,92,364
Human,WesternKingdoms/models/WK_Characters_customizable.FBX,WK_Units_Body_D,Body,,D,medium/leather tier,,Bip001 Spine,43.15,16.39,41.33,0.67,88,344
Human,WesternKingdoms/models/WK_Characters_customizable.FBX,WK_Units_Body_C,Body,,C,medium/leather tier,,Bip001 Spine,43.15,13.74,42.48,1.99,92,364
Human,WesternKingdoms/models/WK_Characters_customizable.FBX,WK_Units_shoulderpads_A,Shoulders,,A,light/cloth tier,,Bip001 R Clavicle,31.19,17.99,14.34,2.07,34,148
Human,WesternKingdoms/models/WK_Characters_customizable.FBX,WK_Units_head_C,Head,,C,medium/leather tier,,Bip001 Head,10.57,18.79,17.02,2.38,84,226
Human,WesternKingdoms/models/WK_Characters_customizable.FBX,WK_Units_head_B,Head,,B,light/cloth tier,,Bip001 Head,7.60,12.38,11.99,0.68,47,200
Human,WesternKingdoms/models/WK_Characters_customizable.FBX,WK_Units_head_A,Head,,A,light/cloth tier,,Bip001 Head,7.33,11.34,11.19,0.76,31,154
Human,WesternKingdoms/models/WK_Characters_customizable.FBX,WK_Units_Legs_A,Legs,,A,light/cloth tier,,Bip001 R Foot,20.35,15.66,14.09,-1.04,36,156
Human,WesternKingdoms/models/WK_Characters_customizable.FBX,WK_Units_Arms_A,Arms,,A,light/cloth tier,,Bip001 R Hand,60.30,8.25,15.42,1.96,26,112
Human,WesternKingdoms/models/WK_Characters_customizable.FBX,WK_Units_Legs_B,Legs,,B,light/cloth tier,,Bip001 R Foot,20.93,16.18,14.30,-0.80,34,140
Human,WesternKingdoms/models/WK_Characters_customizable.FBX,WK_Units_Arms_B,Arms,,B,light/cloth tier,,Bip001 L Hand,60.89,10.46,15.96,1.90,26,112
Human,WesternKingdoms/models/WK_Characters_customizable.FBX,WK_Units_Legs_C,Legs,,C,medium/leather tier,,Bip001 R Foot,20.93,17.01,16.02,-1.22,36,192
Human,WesternKingdoms/models/WK_Characters_customizable.FBX,WK_Units_Arms_C,Arms,,C,medium/leather tier,,Bip001 R Hand,60.68,11.34,16.26,2.42,26,112
Human,WesternKingdoms/models/WK_Characters_customizable.FBX,WK_Units_Body_E,Body,,E,medium/leather tier,,Bip001 Spine,39.96,19.36,53.71,0.54,119,506
Human,WesternKingdoms/models/WK_Characters_customizable.FBX,WK_Units_head_E,Head,,E,medium/leather tier,,Bip001 Head,8.63,12.37,17.45,-0.06,37,190
Human,WesternKingdoms/models/WK_Characters_customizable.FBX,WK_Units_Arms_D,Arms,,D,medium/leather tier,,Bip001 R Hand,60.30,8.25,15.42,1.96,26,112
Human,WesternKingdoms/models/WK_Characters_customizable.FBX,WK_Units_head_D,Head,,D,medium/leather tier,,Bip001 Head,17.03,12.38,14.54,0.83,46,192
Human,WesternKingdoms/models/WK_Characters_customizable.FBX,WK_Units_head_H,Head,,H,heavy/plate tier,,Bip001 Head,10.03,13.52,18.74,0.52,48,212
Human,WesternKingdoms/models/WK_Characters_customizable.FBX,WK_Units_head_G,Head,,G,heavy/plate tier,,Bip001 Head,10.03,13.52,18.39,0.52,48,212
Human,WesternKingdoms/models/WK_Characters_customizable.FBX,WK_Units_head_F,Head,,F,heavy/plate tier,,Bip001 Head,20.70,19.65,21.43,-0.49,52,244
Human,WesternKingdoms/models/WK_Characters_customizable.FBX,WK_Units_shoulderpads_B,Shoulders,,B,light/cloth tier,,Bip001 R Clavicle,28.59,15.48,10.10,2.30,34,148
Human,WesternKingdoms/models/WK_Characters_customizable.FBX,WK_Units_head_I,Head,,I,heavy/plate tier,,Bip001 Head,10.03,13.13,12.59,0.71,44,188
Human,WesternKingdoms/models/extra_models/equipment/WK_weapon_staff_B.FBX,WK_weapon_staff_B,Staff,staff,B,light/cloth tier,right,,75.07,15.43,7.89,0.33,42,176
Human,WesternKingdoms/models/extra_models/equipment/WK_weapon_sword_A.FBX,WK_weapon_sword_A,Sword,sword,A,light/cloth tier,right,,43.25,2.67,10.48,-0.02,17,70